time,forecast_202512270200,forecast_202512271100,forecast_202512272000,forecast_202512280500,forecast_202512281400,forecast_202512282300,forecast_202512290800,forecast_202512291700,forecast_202512300200
2025-12-27 02:15:00+00:00,90.56777909527197,,,,,,,,
2025-12-27 02:30:00+00:00,94.32287450087433,,,,,,,,
2025-12-27 02:45:00+00:00,96.30886782611269,,,,,,,,
2025-12-27 03:00:00+00:00,101.90462296876318,,,,,,,,
2025-12-27 03:15:00+00:00,102.06212040695297,,,,,,,,
2025-12-27 03:30:00+00:00,103.88438838211604,,,,,,,,
2025-12-27 03:45:00+00:00,109.25762555180549,,,,,,,,
2025-12-27 04:00:00+00:00,106.35097314854198,,,,,,,,
2025-12-27 04:15:00+00:00,108.69546574116674,,,,,,,,
2025-12-27 04:30:00+00:00,109.55826106634325,,,,,,,,
2025-12-27 04:45:00+00:00,112.5129390323959,,,,,,,,
2025-12-27 05:00:00+00:00,105.4152540662263,,,,,,,,
2025-12-27 05:15:00+00:00,106.09991108496615,,,,,,,,
2025-12-27 05:30:00+00:00,115.72010555210495,,,,,,,,
2025-12-27 05:45:00+00:00,127.1131891383746,,,,,,,,
2025-12-27 06:00:00+00:00,120.82436790050663,,,,,,,,
2025-12-27 06:15:00+00:00,133.76956809067593,,,,,,,,
2025-12-27 06:30:00+00:00,142.93372575179257,,,,,,,,
2025-12-27 06:45:00+00:00,152.05068490875618,,,,,,,,
2025-12-27 07:00:00+00:00,150.55492169740023,,,,,,,,
2025-12-27 07:15:00+00:00,158.32885309852156,,,,,,,,
2025-12-27 07:30:00+00:00,165.76510678426857,,,,,,,,
2025-12-27 07:45:00+00:00,166.10589355324117,,,,,,,,
2025-12-27 08:00:00+00:00,168.9693372926044,,,,,,,,
2025-12-27 08:15:00+00:00,165.68449814950264,,,,,,,,
2025-12-27 08:30:00+00:00,153.47253419934043,,,,,,,,
2025-12-27 08:45:00+00:00,138.34128558640538,,,,,,,,
2025-12-27 09:00:00+00:00,129.51488755011445,,,,,,,,
2025-12-27 09:15:00+00:00,112.22337864184392,,,,,,,,
2025-12-27 09:30:00+00:00,96.06403655341146,,,,,,,,
2025-12-27 09:45:00+00:00,76.50033130560648,,,,,,,,
2025-12-27 10:00:00+00:00,67.24328422728361,,,,,,,,
2025-12-27 10:15:00+00:00,53.170979355575696,,,,,,,,
2025-12-27 10:30:00+00:00,40.60813687249854,,,,,,,,
2025-12-27 10:45:00+00:00,29.631772759508976,,,,,,,,
2025-12-27 11:00:00+00:00,25.639918096806163,,,,,,,,
2025-12-27 11:15:00+00:00,15.933132156752123,66.15167929096988,,,,,,,
2025-12-27 11:30:00+00:00,11.230563149130873,61.49300804666581,,,,,,,
2025-12-27 11:45:00+00:00,10.766118747065896,61.064816258414666,,,,,,,
2025-12-27 12:00:00+00:00,11.106304851871322,61.43198506421483,,,,,,,
2025-12-27 12:15:00+00:00,9.851861742062326,60.19963085963671,,,,,,,
2025-12-27 12:30:00+00:00,10.737074003531362,61.10304983780566,,,,,,,
2025-12-27 12:45:00+00:00,13.307057609199262,63.686520190298836,,,,,,,
2025-12-27 13:00:00+00:00,0.7441141009586971,51.13517488396009,,,,,,,
2025-12-27 13:15:00+00:00,8.73797259098582,59.1347204385481,,,,,,,
2025-12-27 13:30:00+00:00,11.434527124242734,61.84425074003336,,,,,,,
2025-12-27 13:45:00+00:00,20.43046278110363,70.85031046673227,,,,,,,
2025-12-27 14:00:00+00:00,2.450327265599867,52.88844870364139,,,,,,,
2025-12-27 14:15:00+00:00,15.681421946084185,66.12326776147142,,,,,,,
2025-12-27 14:30:00+00:00,21.21802712073079,71.66706022879933,,,,,,,
2025-12-27 14:45:00+00:00,27.195030526824482,77.65606704456545,,,,,,,
2025-12-27 15:00:00+00:00,17.930808035710697,68.40295086256762,,,,,,,
2025-12-27 15:15:00+00:00,30.138114636009817,80.61482346799332,,,,,,,
2025-12-27 15:30:00+00:00,37.51139888120154,87.99086369390803,,,,,,,
2025-12-27 15:45:00+00:00,40.30676942950363,90.78982445450558,,,,,,,
2025-12-27 16:00:00+00:00,44.29495324942414,94.7715371098041,,,,,,,
2025-12-27 16:15:00+00:00,44.47572225505314,94.94300826332334,,,,,,,
2025-12-27 16:30:00+00:00,43.33201876593234,93.7891552488309,,,,,,,
2025-12-27 16:45:00+00:00,35.804425299173545,86.25856270590147,,,,,,,
2025-12-27 17:00:00+00:00,43.27043006311463,93.72651692539,,,,,,,
2025-12-27 17:15:00+00:00,40.0579117079039,90.52190358998344,,,,,,,
2025-12-27 17:30:00+00:00,38.61064432877049,89.09705721145926,,,,,,,
2025-12-27 17:45:00+00:00,31.49476233023985,82.01622380231838,,,,,,,
2025-12-27 18:00:00+00:00,42.64586833367291,93.20706557053865,,,,,,,
2025-12-27 18:15:00+00:00,44.7751261407163,95.36937840425894,,,,,,,
2025-12-27 18:30:00+00:00,47.92766604409337,98.55152746305072,,,,,,,
2025-12-27 18:45:00+00:00,49.93349716813245,100.58335568397874,,,,,,,
2025-12-27 19:00:00+00:00,60.53359606968697,111.21085414149881,,,,,,,
2025-12-27 19:15:00+00:00,64.21256916249199,114.90475455300124,,,,,,,
2025-12-27 19:30:00+00:00,65.70518125587739,116.39507763104642,,,,,,,
2025-12-27 19:45:00+00:00,64.15449477568052,114.83096990761446,,,,,,,
2025-12-27 20:00:00+00:00,81.06563236330135,131.71546703309147,,,,,,,
2025-12-27 20:15:00+00:00,73.6424051603268,124.26666691707672,96.79647343965476,,,,,,
2025-12-27 20:30:00+00:00,69.25357989575838,119.8499216041662,90.47258707404514,,,,,,
2025-12-27 20:45:00+00:00,63.15595893070703,113.72071855510761,82.33275840012207,,,,,,
2025-12-27 21:00:00+00:00,76.11077836607737,126.64736304573574,93.34433934079752,,,,,,
2025-12-27 21:15:00+00:00,67.78090992003193,118.29905401214842,83.34952348732925,,,,,,
2025-12-27 21:30:00+00:00,59.70406821500861,110.21444966351177,73.90952741242579,,,,,,
2025-12-27 21:45:00+00:00,51.38881423761036,101.8978263093363,64.41182635298469,,,,,,
2025-12-27 22:00:00+00:00,60.163202446573784,110.67483519783912,72.12179731183295,,,,,,
2025-12-27 22:15:00+00:00,50.262663754328656,100.78939460025998,61.51543701585045,,,,,,
2025-12-27 22:30:00+00:00,44.5983284093088,95.14734324995679,55.353518563965714,,,,,,
2025-12-27 22:45:00+00:00,38.614012071602076,89.18247757291311,48.80960234946679,,,,,,
2025-12-27 23:00:00+00:00,52.12829524472413,102.71673292653813,61.81374475043756,,,,,,
2025-12-27 23:15:00+00:00,48.19255245421661,98.80936640201367,57.64743390480331,,,,,,
2025-12-27 23:30:00+00:00,48.038754941247106,98.68148487061244,57.24105826261028,,,,,,
2025-12-27 23:45:00+00:00,52.63216953498609,103.29571398126436,61.506189602438,,,,,,
2025-12-28 00:00:00+00:00,62.023666161070715,112.69649848974632,70.3301523152253,,,,,,
2025-12-28 00:15:00+00:00,58.45370767290868,109.13962831428918,66.39655490515301,,,,,,
2025-12-28 00:30:00+00:00,61.57683121673687,112.27668258466198,69.27353735666286,,,,,,
2025-12-28 00:45:00+00:00,62.73790450660654,113.45357602117545,70.32448576262217,,,,,,
2025-12-28 01:00:00+00:00,71.48423558588892,122.20932614436592,78.8547381420963,,,,,,
2025-12-28 01:15:00+00:00,75.43346669599936,126.16641366290445,82.61525797219319,,,,,,
2025-12-28 01:30:00+00:00,77.34475538706924,128.07911279577183,84.22558312548418,,,,,,
2025-12-28 01:45:00+00:00,77.8154790057185,128.55025429360902,84.43208866480194,,,,,,
2025-12-28 02:00:00+00:00,86.39853512638823,136.3894323205755,91.84884142891059,,,,,,
2025-12-28 02:15:00+00:00,90.75007098147086,140.26090612531027,95.22299694820529,,,,,,
2025-12-28 02:30:00+00:00,94.5051663870732,144.2133814713452,98.44819295735698,,,,,,
2025-12-28 02:45:00+00:00,96.49115971231157,146.291623249524,99.66761308115704,,,,,,
2025-12-28 03:00:00+00:00,102.08691485496206,152.274999800503,104.62787919874685,,,,,,
2025-12-28 03:15:00+00:00,102.24441229315185,152.74969804606667,103.96206784377404,,,,,,
2025-12-28 03:30:00+00:00,104.06668026831491,154.185650668049,104.39958256158823,,,,,,
2025-12-28 03:45:00+00:00,109.43991743800436,158.88584738807197,108.17494892050428,,,,,,
2025-12-28 04:00:00+00:00,106.53326503474088,156.54810452714094,104.92460579486047,,,,,,
2025-12-28 04:15:00+00:00,108.87775762736564,159.18925191231187,106.71401773399741,,,,,,
2025-12-28 04:30:00+00:00,109.74055295254212,160.1634032519647,107.07934577473111,,,,,,
2025-12-28 04:45:00+00:00,112.69523091859477,163.4989123016454,110.07940215902764,,,,,,
2025-12-28 05:00:00+00:00,105.59754595242518,155.2496359734711,101.7204974218796,,,,,,
2025-12-28 05:15:00+00:00,106.28220297116502,157.71971800348246,104.31187535717339,86.36499054552277,,,,,
2025-12-28 05:30:00+00:00,115.90239743830382,165.6698024764615,112.71996256843289,94.31498627767219,,,,,
2025-12-28 05:45:00+00:00,127.29548102457348,176.82994933984986,124.62518993086209,105.4786198379062,,,,,
2025-12-28 06:00:00+00:00,121.00665978670551,171.34871059139581,119.85237307565232,100.0001211952815,,,,,
2025-12-28 06:15:00+00:00,133.95185997687483,182.58327909497416,131.9694766177923,111.23936152774552,,,,,
2025-12-28 06:30:00+00:00,143.11601763799143,192.67801727185207,143.03192085259883,121.33943440146783,,,,,
2025-12-28 06:45:00+00:00,152.23297679495505,201.171088263548,152.62449583117487,129.83912757682413,,,,,
2025-12-28 07:00:00+00:00,150.73721358359913,200.96795319028996,153.49611519379937,129.64186791249927,,,,,
2025-12-28 07:15:00+00:00,158.51114498472046,207.43813588249714,161.03803914377568,136.11754467178662,,,,,
2025-12-28 07:30:00+00:00,165.94739867046744,214.59545945789972,168.94461161653834,143.2756274008524,,,,,
2025-12-28 07:45:00+00:00,166.28818543944004,214.58599510102806,169.4420330020813,143.26307688305758,,,,,
2025-12-28 08:00:00+00:00,169.1516291788033,220.95893715246507,176.08031095282976,149.628884896002,,,,,
2025-12-28 08:15:00+00:00,165.86679003570154,215.95981364685863,171.0794791059182,144.61814467513622,,,,,
2025-12-28 08:30:00+00:00,153.6548260855393,203.10760310660413,158.01949880220903,131.75029434934038,,,,,
2025-12-28 08:45:00+00:00,138.52357747260425,188.86589507144026,143.59237143141345,117.49185802576737,,,,,
2025-12-28 09:00:00+00:00,129.69717943631335,186.01875527812768,140.8886041885616,114.63101242056584,,,,,
2025-12-28 09:15:00+00:00,112.4056705280428,162.20600382716756,117.9705188873226,90.8136130267392,,,,,
2025-12-28 09:30:00+00:00,96.24632843961032,147.86341355090036,104.592618829252,76.46648546281907,,,,,
2025-12-28 09:45:00+00:00,76.68262319180536,129.9792859439624,88.06319198997873,58.582466694613515,,,,,
2025-12-28 10:00:00+00:00,67.42557611348249,121.07813261290381,80.95167597367258,49.687097223882134,,,,,
2025-12-28 10:15:00+00:00,53.353271241774564,106.27302799199077,68.28264897528727,34.89263345959772,,,,,
2025-12-28 10:30:00+00:00,40.79042875869742,93.19335346703332,57.60063815019247,21.827650880344443,,,,,
2025-12-28 10:45:00+00:00,29.81406464570786,81.48806921074086,48.479722552915206,10.140453687246001,,,,,
2025-12-28 11:00:00+00:00,25.822209983005045,75.96711327237745,47.53818624158586,6.685068905865208,,,,,
2025-12-28 11:15:00+00:00,16.11542404295099,66.30572706511096,39.19447393798365,-4.140666961818937,,,,,
2025-12-28 11:30:00+00:00,11.412855035329756,61.647055820806884,37.47626756226066,-8.14313122420917,,,,,
2025-12-28 11:45:00+00:00,10.948410633264778,61.21886403255576,38.04635526127678,-9.61524993877088,,,,,
2025-12-28 12:00:00+00:00,11.288596738070204,61.58603283835592,39.17241108225822,-10.187812235152272,,,,,
2025-12-28 12:15:00+00:00,10.034153628261194,60.35367863377779,41.00337364949884,-9.706264346477766,,,,,
2025-12-28 12:30:00+00:00,10.919365889730244,61.25709761194674,43.113490721691264,-8.759661314577578,,,,,
2025-12-28 12:45:00+00:00,13.489349495398145,63.84056796443993,46.48269743421156,-6.325402974085556,,,,,
2025-12-28 13:00:00+00:00,0.9264059871575796,51.28922265810118,32.04246276510054,-21.613055812207854,,,,,
2025-12-28 13:15:00+00:00,8.920264477184688,59.28876821268918,43.84658493724157,-10.212990286282633,,,,,
2025-12-28 13:30:00+00:00,11.616819010441617,61.99829851417444,48.86210752465513,-5.655841045593505,,,,,
2025-12-28 13:45:00+00:00,20.61275466730251,71.00435824087336,55.74749404882235,0.7696430156662828,,,,,
2025-12-28 14:00:00+00:00,2.6326191517987496,53.04249647778248,35.918467526821146,-19.601776432564698,,,,,
2025-12-28 14:15:00+00:00,15.863713832283054,66.2773155356125,50.41158811491476,-5.133455956516343,100.59253271150445,,,,
2025-12-28 14:30:00+00:00,21.40031900692967,71.8211080029404,55.951493493605604,0.42234482013610375,106.138536435918,,,,
2025-12-28 14:45:00+00:00,27.377322413023364,77.81011481870654,66.46988557670052,11.081506407589892,116.662384838776,,,,
2025-12-28 15:00:00+00:00,18.11309992190958,68.5569986367087,51.24801167603158,-4.255858021521469,101.44199245085542,,,,
2025-12-28 15:15:00+00:00,30.320406522208685,80.7688712421344,63.9744995156096,8.746342161995642,114.17223858833962,,,,
2025-12-28 15:30:00+00:00,37.693690767400426,88.1449114680491,71.9594948641799,17.162745959532455,122.16114980683304,,,,
2025-12-28 15:45:00+00:00,40.489061315702514,90.94387222864665,71.68393521016108,17.230723419851163,121.88753513684686,,,,
2025-12-28 16:00:00+00:00,44.47724513562302,94.92558488394519,79.8429346109269,26.231629734940068,130.05222886453592,,,,
2025-12-28 16:15:00+00:00,44.65801414125201,95.09705603746441,72.17501305066288,19.151885704098436,122.38679977879447,,,,
2025-12-28 16:30:00+00:00,43.51431065213122,93.94320302297197,73.92407404879926,21.851174548357708,124.14108684002446,,,,
2025-12-28 16:45:00+00:00,35.98671718537243,86.41261048004256,66.93947804562949,15.630940257622875,117.1593612509374,,,,
2025-12-28 17:00:00+00:00,43.45272194931351,93.88056469953108,76.50828966858862,25.874691800811835,126.72979277971649,,,,
2025-12-28 17:15:00+00:00,40.240203594102766,90.67595136412453,67.42076307857978,17.03764941602448,117.6396825403384,,,,
2025-12-28 17:30:00+00:00,38.79293621496937,89.25110498560034,67.27192331588483,17.003731163721326,117.48698196589194,,,,
2025-12-28 17:45:00+00:00,31.677054216438734,82.17027157645947,61.5013503761824,11.074308243690616,111.71020544432099,,,,
2025-12-28 18:00:00+00:00,42.82816021987179,93.36111334467974,76.4509881387385,25.842645010226313,126.6537969388399,,,,
2025-12-28 18:15:00+00:00,44.957418026915185,95.52342617840003,72.24630227390577,21.302774502734632,122.44205554579729,,,,
2025-12-28 18:30:00+00:00,48.10995793029225,98.7055752371918,76.45830819747869,25.53748433295558,126.65073220105101,,,,
2025-12-28 18:45:00+00:00,50.11578905433133,100.73740345811984,77.75301386486947,26.9919255868397,127.94375582306812,,,,
2025-12-28 19:00:00+00:00,60.71588795588584,111.3649019156399,94.94350128760804,44.63940115366565,145.1356102267369,,,,
2025-12-28 19:15:00+00:00,64.39486104869087,115.05880232714233,89.71630491941268,39.71859986643379,139.90859924701547,,,,
2025-12-28 19:30:00+00:00,65.88747314207627,116.5491254051875,89.93499973954297,40.92072720064666,140.13388049342421,,,,
2025-12-28 19:45:00+00:00,64.3367866618794,114.98501768175555,89.54325520578112,42.00258168617838,139.7531607724434,,,,
2025-12-28 20:00:00+00:00,81.24792424950022,131.86951480723258,106.0425028683415,60.33102750638958,156.26655206038478,,,,
2025-12-28 20:15:00+00:00,73.82469704652569,124.42071469121781,96.75910078018977,52.57006403889974,146.70410864648207,,,,
2025-12-28 20:30:00+00:00,69.43587178195726,120.00396937830727,90.43521441458014,49.16878397652989,141.39950872967455,,,,
2025-12-28 20:45:00+00:00,63.33825081690591,113.8747663292487,82.29538574065708,43.28224549648683,133.53339271694412,,,,
2025-12-28 21:00:00+00:00,76.29307025227624,126.80141081987684,93.30696668133251,56.89235270707666,145.21399506074394,,,,
2025-12-28 21:15:00+00:00,67.96320180623081,118.45310178628951,83.31215082786426,48.314701608966075,134.96411787001952,,,,
2025-12-28 21:30:00+00:00,59.886360101207494,110.36849743765285,73.8721547529608,39.77417006251668,125.03856267034728,,,,
2025-12-28 21:45:00+00:00,51.571106123809244,102.05187408347737,64.37445369351971,32.05610553515307,116.08974751916243,,,,
2025-12-28 22:00:00+00:00,60.34549433277265,110.8288829719802,72.08442465236794,38.982609367240855,121.98532212228642,,,,
2025-12-28 22:15:00+00:00,50.44495564052754,100.94344237440109,61.47806435638546,29.976852249889543,112.17311557341533,,,,
2025-12-28 22:30:00+00:00,44.78062029550768,95.30139102409787,55.31614590450072,24.742891081097607,106.34956609185821,,,,
2025-12-28 22:45:00+00:00,38.79630395780096,89.33652534705419,48.7722296900018,18.735541550415043,99.75528829145551,,,,
2025-12-28 23:00:00+00:00,52.310587130923,102.87078070067922,61.776372090972565,34.445514421391806,114.84510703185765,,,,
2025-12-28 23:15:00+00:00,48.37484434041549,98.96341417615474,57.6100612453383,26.00488278196875,106.22382570519937,94.40273393027837,,,
2025-12-28 23:30:00+00:00,48.22104682744599,98.83553264475351,57.20368560314529,25.453230828740132,105.41198771945679,93.57702810071216,,,
2025-12-28 23:45:00+00:00,52.81446142118497,103.44976175540543,61.46881694297301,29.8485540427412,109.47013478024259,97.62413546671493,,,
2025-12-29 00:00:00+00:00,62.20595804726958,112.85054626388741,70.29277965576031,40.83132571574632,119.85791750923806,108.00725808991734,,,
2025-12-29 00:15:00+00:00,58.63599955910756,109.29367608843027,66.359182245688,37.59997213105011,116.19485029826653,104.33745056420902,,,
2025-12-29 00:30:00+00:00,61.75912310293575,112.43073035880306,69.23616469719786,41.51498327623922,119.78615596673313,107.92124303321853,,,
2025-12-29 00:45:00+00:00,62.92019639280542,113.60762379531653,70.28711310315718,42.942441682165295,121.03562367827789,109.16193611644336,,,
2025-12-29 01:00:00+00:00,71.6665274720878,122.36337391850701,78.8173654826313,48.93092261808381,126.89021423830769,115.00874860970667,,,
2025-12-29 01:15:00+00:00,75.61575858219824,126.32046143704554,82.5778853127282,53.518588050906615,131.26252128254012,119.3767192753267,,,
2025-12-29 01:30:00+00:00,77.52704727326812,128.2331605699129,84.18821046601919,57.009122907193515,134.40699828445608,122.5212324671593,,,
2025-12-29 01:45:00+00:00,77.99777089191738,128.7043020677501,84.39471600533696,57.26799106321913,134.38915724059245,122.50373577765004,,,
2025-12-29 02:00:00+00:00,86.5808270125871,136.5434800947166,91.8114687694456,63.98372008226494,140.7417205859524,128.8599803765789,,,
2025-12-29 02:15:00+00:00,,140.41495389945138,95.1856242887403,67.88004259459827,144.16168051065824,132.2871948427824,,,
2025-12-29 02:30:00+00:00,,144.36742924548628,98.41082029789197,72.1334547978976,147.72353318596245,135.86167634512952,,,
2025-12-29 02:45:00+00:00,,146.44567102366508,99.63024042169206,74.2028515495568,148.96909505444884,137.12325028255623,,,
2025-12-29 03:00:00+00:00,,152.42904757464407,104.59050653928185,80.3910608692568,154.17074781609202,142.34468687626247,,,
2025-12-29 03:15:00+00:00,,152.90374582020775,103.92469518430906,81.32695339109289,153.98919195161838,142.1857496444149,,,
2025-12-29 03:30:00+00:00,,154.33969844219007,104.36220990212323,82.42174298903598,154.08793055697606,142.3047937898976,,,
2025-12-29 03:45:00+00:00,,159.03989516221304,108.13757626103927,87.5438972502844,158.269238265739,146.50540160505759,,,
2025-12-29 04:00:00+00:00,,156.702152301282,104.88723313539549,85.65968031361467,155.4627531987215,143.71794273563552,,,
2025-12-29 04:15:00+00:00,,159.34329968645295,106.67664507453242,87.6736059578457,156.64373222606997,144.91632168893145,,,
2025-12-29 04:30:00+00:00,,160.3174510261058,107.0419731152661,88.55111526898322,156.8843832477809,145.17061493592863,,,
2025-12-29 04:45:00+00:00,,163.65296007578647,110.04202949956264,92.68680465168114,160.609766717428,148.90541233477947,,,
2025-12-29 05:00:00+00:00,,155.4036837476122,101.6831247624146,84.03498052537319,151.88853968763013,140.18895256289724,,,
2025-12-29 05:15:00+00:00,,157.87376577762356,104.27450269770841,86.50074720493329,154.21657451829847,142.517813246102,,,
2025-12-29 05:30:00+00:00,,165.82385025060262,112.6825899089679,94.45074293708272,162.21462602965104,150.5111619124111,,,
2025-12-29 05:45:00+00:00,,176.98399711399094,124.58781727139709,105.61437649731671,173.83516339674208,162.12237684418648,,,
2025-12-29 06:00:00+00:00,,171.50275836553692,119.81500041618733,100.13587785469203,170.4477487506549,158.72761990742796,,,
2025-12-29 06:15:00+00:00,,182.73732686911524,131.93210395832733,111.37511818715603,179.43100448139384,167.69905878033873,,,
2025-12-29 06:30:00+00:00,,192.83206504599315,142.99454819313382,121.47519106087836,191.29546303411746,179.5534197014491,,,
2025-12-29 06:45:00+00:00,,201.32513603768908,152.5871231717099,129.97488423623466,201.7373854123402,189.98480232402386,,,
2025-12-29 07:00:00+00:00,,201.12200096443104,153.45874253433436,129.77762457190977,201.649690177099,189.88727316652586,,,
2025-12-29 07:15:00+00:00,,207.5921836566382,161.0006664843107,136.25330133119712,210.25025986305081,198.48137179535854,,,
2025-12-29 07:30:00+00:00,,214.74950723204083,168.90723895707333,143.41138406026292,217.80565768485178,206.03691880336015,,,
2025-12-29 07:45:00+00:00,,214.74004287516914,169.4046603426163,143.3988335424681,219.00410284129623,207.24290590910596,,,
2025-12-29 08:00:00+00:00,,221.11298492660615,176.04293829336478,149.76464155541254,225.38433433348206,213.63660337417787,,,
2025-12-29 08:15:00+00:00,,216.11386142099974,171.0421064464532,144.75390133454675,221.16717327676668,209.44023043549896,115.24231913395866,,
2025-12-29 08:30:00+00:00,,203.2616508807452,157.98212614274405,131.88605100875088,209.7118497708124,198.01164257071537,103.98168769240428,,
2025-12-29 08:45:00+00:00,,189.01994284558134,143.55499877194845,117.6276146851779,193.60188934593677,181.9274457963119,87.97502012732174,,
2025-12-29 09:00:00+00:00,,186.17280305226876,140.85123152909662,114.76676907997637,194.98696367425413,183.3372375173413,89.37867782755023,,
2025-12-29 09:15:00+00:00,,162.36005160130864,117.9331462278576,90.94936968614974,170.74615280302785,159.10596579945275,64.34566214440343,,
2025-12-29 09:30:00+00:00,,148.01746132504144,104.55524616978701,76.6022421222296,156.321453524577,144.6880191058553,48.94149681435478,,
2025-12-29 09:45:00+00:00,,130.13333371810347,88.02581933051374,58.71822335402405,140.68080961697706,129.0493500749803,32.03905125788875,,
2025-12-29 10:00:00+00:00,,121.23218038704489,80.91430331420759,49.82285388329266,133.17897327460759,121.54159593065303,22.829953854311544,,
2025-12-29 10:15:00+00:00,,106.42707576613186,68.24527631582228,35.02839011900825,120.51927416695989,108.87011232990889,8.119384687022157,,
2025-12-29 10:30:00+00:00,,93.34740124117442,57.563265490727474,21.963407539754968,109.69870733774718,98.03312229037735,-5.028060567833915,,
2025-12-29 10:45:00+00:00,,81.64211698488194,48.44234989345021,10.276210346656534,99.8304810161737,88.14481908504257,-17.44250892130172,,
2025-12-29 11:00:00+00:00,,76.12116104651852,47.50081358212087,6.820825565275733,99.08939320406472,87.3849243517863,-20.69227699509905,,
2025-12-29 11:15:00+00:00,,,39.15710127851866,-4.004910302408405,90.29740619768407,78.57444744915078,-31.983166302158747,,
2025-12-29 11:30:00+00:00,,,37.43889490279567,-8.007374564798646,88.2220332029489,76.48355349328747,-36.39051809837496,,
2025-12-29 11:45:00+00:00,,,38.00898260181179,-9.479493279360348,88.15117442881036,76.40058252846895,-38.57585052208194,,
2025-12-29 12:00:00+00:00,,,39.13503842279323,-10.05205557574174,88.7518724723704,76.994105382318,-39.76610787787163,,
2025-12-29 12:15:00+00:00,,,40.966000990033834,-9.570507687067241,90.9867856910498,79.22726468475551,-38.947626079774935,,
2025-12-29 12:30:00+00:00,,,43.07611806222627,-8.623904655167046,93.53638953590836,81.77708430135903,-37.59589051663394,,
2025-12-29 12:45:00+00:00,,,46.44532477474657,-6.189646314675031,96.81819831330868,85.06062264573453,-35.30430838891926,,
2025-12-29 13:00:00+00:00,,,32.005090105635546,-21.477299152797322,83.87357033477244,72.11804608126093,-49.07634641105518,,
2025-12-29 13:15:00+00:00,,,43.80921227777658,-10.077233626872108,92.7260869420077,80.97431571589921,-40.81156934102562,,
2025-12-29 13:30:00+00:00,,,48.82473486519014,-5.5200843861829725,98.97905655152411,87.23052998770825,-35.004491541188486,,
2025-12-29 13:45:00+00:00,,,55.710121389357354,0.9053996750768079,106.56392314565392,94.81564895614605,-27.859963890651255,,
2025-12-29 14:00:00+00:00,,,35.881094867356154,-19.466019773154166,86.19331680924043,76.11959480192085,-47.04328780981204,,
2025-12-29 14:15:00+00:00,,,50.374215455449765,-4.997699297105818,100.69412827801577,88.28740931175165,-35.067865397355796,,
2025-12-29 14:30:00+00:00,,,55.91412083414061,0.5581014795466359,106.24013200242932,96.05780173042068,-27.249365357098245,,
2025-12-29 14:45:00+00:00,,,66.43251291723553,11.217263067000417,116.7639804052873,103.05325186867972,-20.255006756958196,,
2025-12-29 15:00:00+00:00,,,51.21063901656659,-4.120101362110937,101.54358801736672,90.96578646025925,-32.33042710295871,,
2025-12-29 15:15:00+00:00,,,63.93712685614461,8.882098821406174,114.27383415485092,101.99546308141969,-21.132245290684,,
2025-12-29 15:30:00+00:00,,,71.92212220471491,17.29850261894298,122.26274537334436,109.63741754415315,-13.121443432326004,,
2025-12-29 15:45:00+00:00,,,71.64656255069609,17.366480079261695,121.98913070335816,110.321278998417,-12.05862450997856,,
2025-12-29 16:00:00+00:00,,,79.8055619514619,26.367386394350593,130.1538244310472,116.47975158735052,-5.216530831377835,,
2025-12-29 16:15:00+00:00,,,72.13764039119789,19.28764236350897,122.48839534530576,112.09144363372823,-8.892837871328968,,
2025-12-29 16:30:00+00:00,,,73.88670138933426,21.986931207768233,124.24268240653575,112.30557023698789,-7.8314306815432175,,
2025-12-29 16:45:00+00:00,,,66.9021053861645,15.766696917033407,117.26095681744872,106.57974008652238,-12.740177275881045,,
2025-12-29 17:00:00+00:00,,,76.47091700912361,26.01044846022236,126.83138834622778,114.8711310930378,-3.7929407627847382,,
2025-12-29 17:15:00+00:00,,,67.38339041911479,17.17340607543501,117.74127810684969,106.56914076277036,-11.73733435597141,122.15694057865412,
2025-12-29 17:30:00+00:00,,,67.23455065641984,17.13948782313185,117.58857753240324,105.47122428808935,-12.69573544417294,121.25668166888255,
2025-12-29 17:45:00+00:00,,,61.46397771671741,11.210064903101149,111.81180101083231,99.88223051889406,-18.364566847089005,115.65168573121485,
2025-12-29 18:00:00+00:00,,,76.4136154792735,25.97840166963684,126.7553925053512,113.8059354443136,-4.617461587048975,129.46637270415727,
2025-12-29 18:15:00+00:00,,,72.20892961444078,21.438531162145164,122.54365111230858,110.21305552123918,-8.472548048563993,125.68263554152813,
2025-12-29 18:30:00+00:00,,,76.42093553801371,25.67324099236611,126.7523277675623,113.66602133085695,-5.055393271458602,129.16879049673685,
2025-12-29 18:45:00+00:00,,,77.71564120540447,27.127682246250224,128.04535138957942,115.39854422384026,-3.1698023041748975,131.1215989818713,
2025-12-29 19:00:00+00:00,,,94.90612862814305,44.775157813076184,145.23720579324822,130.79433001885,12.574830048541635,146.93136622960813,
2025-12-29 19:15:00+00:00,,,89.67893225994769,39.854356525844324,140.01019481352677,128.2905697433999,10.484626677161478,144.90668779139088,
2025-12-29 19:30:00+00:00,,,89.89762708007798,41.05648386005719,140.2354760599355,127.75046220234742,10.796198552236994,145.27663999266412,
2025-12-29 19:45:00+00:00,,,89.50588254631613,42.138338345588906,139.8547563389547,127.4550073495589,11.851062742083363,146.38084127316458,
2025-12-29 20:00:00+00:00,,,106.00513020887652,60.466784165800114,156.3681476268961,141.67260384864488,27.71098521982843,162.28453043875388,
2025-12-29 20:15:00+00:00,,,,52.70582069831026,146.80570421299336,135.86140761942715,23.786195315754746,158.39831864198953,
2025-12-29 20:30:00+00:00,,,,49.30454063594042,141.50110429618582,130.50377232264438,20.312167528681336,154.96238821474682,
2025-12-29 20:45:00+00:00,,,,43.418002155897355,133.6349882834554,122.72178817281993,14.480960382945842,149.1673548179358,
2025-12-29 21:00:00+00:00,,,,57.02810936648719,145.31559062725523,132.36654790955498,25.976968629510893,160.70075396119046,
2025-12-29 21:15:00+00:00,,,,48.4504582683766,135.06571343653084,124.53537479677173,19.92249147627493,154.68437432249985,
2025-12-29 21:30:00+00:00,,,,39.909926721927214,125.14015823685857,115.09718497436967,11.950703157903526,146.756246780319,
2025-12-29 21:45:00+00:00,,,,32.191862194563605,116.19134308567372,105.81256409347881,3.9268547853276097,138.7799103482371,
2025-12-29 22:00:00+00:00,,,,39.11836602665139,122.08691768879771,109.78066139531836,8.904842971712663,143.81034296323702,
2025-12-29 22:15:00+00:00,,,,30.112608909300075,112.27471113992665,101.31170045967951,1.3309402901469163,136.29122165899355,
2025-12-29 22:30:00+00:00,,,,24.878647740508132,106.4511616583695,95.42299143519045,-3.906372447965378,131.113755742175,
2025-12-29 22:45:00+00:00,,,,18.871298209825575,99.8568838579668,88.3901175287034,-10.345030482634588,124.73645334958368,
2025-12-29 23:00:00+00:00,,,,34.58127108080233,114.94670259836894,103.08317844009542,5.279652892150569,140.42203124721036,
2025-12-29 23:15:00+00:00,,,,26.14063944137928,106.32542127171067,94.44510156432747,-3.357103875611564,131.85316768698118,
2025-12-29 23:30:00+00:00,,,,25.588987488150657,105.51358328596811,93.61939573476127,-5.46623792394999,129.81285769269866,
2025-12-29 23:45:00+00:00,,,,29.98431070215173,109.57173034675388,97.66650310076405,-1.543216873547653,133.80268379016195,
2025-12-30 00:00:00+00:00,,,,40.96708237515684,119.95951307574936,108.04962572396644,11.819850680473658,147.22552431364923,
2025-12-30 00:15:00+00:00,,,,37.73572879046064,116.29644586477782,104.37981819825814,7.407923429627964,142.87594097346863,
2025-12-30 00:30:00+00:00,,,,41.650739935649746,119.88775153324445,107.96361066726763,11.62575335321187,147.15629430240583,
2025-12-30 00:45:00+00:00,,,,43.07819834157583,121.13721924478918,109.20430375049247,13.034643364588387,148.62936684861756,
2025-12-30 01:00:00+00:00,,,,49.06667927749434,126.99180980481898,115.05111624375577,19.12014800701798,154.77924560775608,
2025-12-30 01:15:00+00:00,,,,53.65434471031715,131.3641168490514,119.41908690937582,22.504125102597342,158.22637882831768,
2025-12-30 01:30:00+00:00,,,,57.14487956660405,134.50859385096737,122.56360010120841,26.11101417065735,161.8923757989692,
2025-12-30 01:45:00+00:00,,,,57.40374772262965,134.49075280710377,122.54610341169915,28.11764156362015,163.95644928397573,
2025-12-30 02:00:00+00:00,,,,64.11947674167547,140.8433161524637,128.902348010628,33.45974672236917,169.35537348067663,
2025-12-30 02:15:00+00:00,,,,68.01579925400878,144.26327607716954,132.3295624768315,37.22193935171521,173.1705108112269,87.79773694168273
2025-12-30 02:30:00+00:00,,,,72.26921145730813,147.82512875247374,135.90404397917862,41.62859366514407,177.62443779886124,92.19930299050762
2025-12-30 02:45:00+00:00,,,,74.33860820896732,149.07069062096016,137.16561791660533,44.300535427709306,180.33855656366234,94.86488688682986
2025-12-30 03:00:00+00:00,,,,80.52681752866734,154.2723433826033,142.38705451031157,50.04063233353219,186.11612139735985,100.59759070578366
2025-12-30 03:15:00+00:00,,,,81.4627100505034,154.09078751812967,142.22811727846403,51.57918456265991,187.6863619037137,102.12761231757032
2025-12-30 03:30:00+00:00,,,,82.55749964844651,154.18952612348735,142.34716142394672,53.12207123800867,189.25967615615525,103.6620385905778
2025-12-30 03:45:00+00:00,,,,87.67965390969493,158.3708338322503,146.5477692391067,57.80643766977421,193.97351743112614,108.33819578404972
2025-12-30 04:00:00+00:00,,,,85.7954369730252,155.5643487652328,143.76031036968462,55.8828577147209,192.07715827545059,106.40646212865852
2025-12-30 04:15:00+00:00,,,,87.80936261725621,156.74532779258126,144.95868932298055,58.54121029499885,194.7612585544888,109.05701530090536
2025-12-30 04:30:00+00:00,,,,88.68687192839376,156.9859788142922,145.21298256997773,59.48607356728083,195.73311762154037,109.9951662927723
2025-12-30 04:45:00+00:00,,,,92.82256131109168,160.71136228393925,148.94777996882857,63.49396031909295,199.77019521672509,113.99771104779671
2025-12-30 05:00:00+00:00,,,,84.17073718478372,151.99013525414145,140.23132019694634,54.43769222344798,190.74645362200033,104.93778043599687
2025-12-30 05:15:00+00:00,,,,,154.31817008480976,142.5601808801511,57.71978972285706,194.06309224701624,108.21761115429636
2025-12-30 05:30:00+00:00,,,,,162.31622159616234,150.5535295464602,63.648701012985896,200.032759170589,114.14665134751992
2025-12-30 05:45:00+00:00,,,,,173.9367589632534,162.16474447823558,74.71405709744604,211.14270144354998,125.21394710169018
2025-12-30 06:00:00+00:00,,,,,170.5493443171662,158.76998754147706,71.9969571966894,208.46902228905688,122.49942499118596
2025-12-30 06:15:00+00:00,,,,,179.53260004790516,167.74142641438783,78.11828759372538,214.63990225368508,128.6256892003842
2025-12-30 06:30:00+00:00,,,,,191.39705860062875,179.5957873354982,88.34722206053301,224.91811611263356,138.86036123525105
2025-12-30 06:45:00+00:00,,,,,201.83898097885148,190.027169958073,98.30563709115236,234.92632946062128,148.82549234173476
2025-12-30 07:00:00+00:00,,,,,201.75128574361028,189.929640800575,100.10438812432828,236.7742248127198,150.6316351206726
2025-12-30 07:15:00+00:00,,,,,210.35185542956214,198.52373942940767,104.15830117887236,240.8804093865493,154.69446008603995
2025-12-30 07:30:00+00:00,,,,,217.90725325136307,206.07928643740925,111.1309166426448,247.8998158011587,161.67542538670747
2025-12-30 07:45:00+00:00,,,,,219.10569840780752,207.28527354315506,112.66906247824038,249.4785625366298,163.221193546711
2025-12-30 08:00:00+00:00,,,,,225.48592989999335,213.678971008227,119.54943580949265,256.93649448700603,170.6512141554743
2025-12-30 08:15:00+00:00,,,,,221.26876884327794,209.4825980695481,115.28439832569615,251.64784521540722,165.33940354902603
2025-12-30 08:30:00+00:00,,,,,209.8134453373237,198.0540102047645,104.02376688414176,242.25072161264183,155.9263777808082
2025-12-30 08:45:00+00:00,,,,,193.70348491244806,181.969813430361,88.01709931905924,226.77004539366865,140.43156268093986
2025-12-30 09:00:00+00:00,,,,,195.08855924076542,183.37960515139042,89.42075701928773,227.28310281919406,140.93125923354899
2025-12-30 09:15:00+00:00,,,,,170.84774836953915,159.14833343350188,64.38774133614092,205.15523764625198,118.78377070459153
2025-12-30 09:30:00+00:00,,,,,156.42304909108833,144.73038673990442,48.983576006092264,187.75977063712722,101.36386731376672
2025-12-30 09:45:00+00:00,,,,,140.78240518348835,129.0917177090294,32.081130449626244,170.54483582634163,84.12158770639307
2025-12-30 10:00:00+00:00,,,,,133.28056884111888,121.58396356470215,22.872033046049037,163.47457219232427,77.01919913390572
2025-12-30 10:15:00+00:00,,,,,120.62086973347118,108.912479963958,8.161463878759646,147.39568488213433,60.90069586362996
2025-12-30 10:30:00+00:00,,,,,109.80030290425847,98.07548992442645,-4.985981376096426,135.22909642215885,48.68963091659673
2025-12-30 10:45:00+00:00,,,,,99.93207658268503,88.18718671909167,-17.400429729564227,121.94594424648074,35.355673734977856
2025-12-30 11:00:00+00:00,,,,,99.19098877057601,87.42729198583541,-20.650197803361557,117.62182685663674,30.977628680255023
2025-12-30 11:15:00+00:00,,,,,90.39900176419536,78.6168150831999,-31.941087110421257,107.33414673649077,20.634050836877094
2025-12-30 11:30:00+00:00,,,,,88.32362876946019,76.52592112733659,-36.34843890663747,102.43325100949215,15.675530462073269
2025-12-30 11:45:00+00:00,,,,,88.25276999532169,76.44295016251806,-38.53377133034445,99.6463398044672,12.830634865849923
2025-12-30 12:00:00+00:00,,,,,88.85346803888169,77.03647301636713,-39.72402868613415,98.02931063579557,11.157088890983353
2025-12-30 12:15:00+00:00,,,,,91.0883812575611,79.26963231880461,-38.90554688803745,98.76792462927484,11.841929880104885
2025-12-30 12:30:00+00:00,,,,,93.63798510241965,81.81945193540814,-37.55381132489646,99.85543980552652,12.876641428901358
2025-12-30 12:45:00+00:00,,,,,96.91979387981998,85.10299027978364,-35.26222919718177,102.66809383864593,15.63757713749986
2025-12-30 13:00:00+00:00,,,,,83.97516590128376,72.16041371531003,-49.034267219317684,91.04468691923609,3.963602515953184
2025-12-30 13:15:00+00:00,,,,,92.82768250851899,81.01668334994832,-40.76949014928813,96.76232413249232,9.629717816158532
2025-12-30 13:30:00+00:00,,,,,99.0806521180354,87.27289762175737,-34.962412349451,104.28127164067863,17.09927346299331
2025-12-30 13:45:00+00:00,,,,,106.66551871216521,94.85801659019518,-27.817884698913765,113.85824155115475,26.62609782031288
2025-12-30 14:00:00+00:00,,,,,86.29491237575175,76.16196243596997,-47.00120861807454,88.34587961868266,1.0567822877684279
2025-12-30 14:15:00+00:00,,,,,,88.32977694580075,-35.0257862056183,102.09246964364313,14.751083809641798
2025-12-30 14:30:00+00:00,,,,,,96.10016936446979,-27.207286165360756,112.41102893789089,25.020231797656834
2025-12-30 14:45:00+00:00,,,,,,103.09561950272882,-20.212927565220706,119.18987589149769,31.747002154801045
2025-12-30 15:00:00+00:00,,,,,,91.00815409430837,-32.288347911221216,103.31062592227752,15.812280318411773
2025-12-30 15:15:00+00:00,,,,,,102.0378307154688,-21.090166098946508,115.8447863030354,28.293556737342882
2025-12-30 15:30:00+00:00,,,,,,109.67978517820227,-13.079364240588514,124.87628973817944,37.274040827362256
2025-12-30 15:45:00+00:00,,,,,,110.36364663246611,-12.016545318241072,126.28547378622997,38.631601791717
2025-12-30 16:00:00+00:00,,,,,,116.52211922139963,-5.174451639640342,131.46594493307362,43.76246143821815
2025-12-30 16:15:00+00:00,,,,,,112.13381126777735,-8.850758679591475,130.1928911434918,42.44219180715224
2025-12-30 16:30:00+00:00,,,,,,112.347937871037,-7.789351489805728,128.65954108882767,40.86099416519917
2025-12-30 16:45:00+00:00,,,,,,106.62210772057149,-12.698098084143556,126.76308826164868,38.918956615290625
2025-12-30 17:00:00+00:00,,,,,,114.91349872708692,-3.750861571047249,134.91143599770007,49.97129259168199
2025-12-30 17:15:00+00:00,,,,,,106.61150839681949,-11.695255164233917,127.0200240717586,38.49734912176682
2025-12-30 17:30:00+00:00,,,,,,105.51359192213846,-12.653656252435447,126.119765161987,38.34230401282505
2025-12-30 17:45:00+00:00,,,,,,99.92459815294318,-18.322487655351516,120.51476922431934,32.35986788292709
2025-12-30 18:00:00+00:00,,,,,,113.84830307836272,-4.575382395311486,134.32945619726172,44.94086537071311
2025-12-30 18:15:00+00:00,,,,,,110.2554231552883,-8.4304688568265,130.54571903463258,44.54628955350721
2025-12-30 18:30:00+00:00,,,,,,113.70838896490606,-5.013314079721109,134.03187398984133,47.625290241281036
2025-12-30 18:45:00+00:00,,,,,,115.44091185788938,-3.1277231124374083,135.98468247497578,44.174799431834884
2025-12-30 19:00:00+00:00,,,,,,130.8366976528991,12.616909240279124,151.7944497227126,61.73649434003467
2025-12-30 19:15:00+00:00,,,,,,128.33293737744904,10.52670586889897,149.76977128449536,60.201315596698635
2025-12-30 19:30:00+00:00,,,,,,127.79282983639654,10.838277743974487,150.1397234857686,59.35844036391735
2025-12-30 19:45:00+00:00,,,,,,127.49737498360801,11.893141933820852,151.24392476626906,58.0314436259557
2025-12-30 20:00:00+00:00,,,,,,141.714971482694,27.753064411565923,167.14761393185833,84.82449588120048
2025-12-30 20:15:00+00:00,,,,,,135.90377525347625,23.828274507492235,163.26140213509402,69.98934284849955
2025-12-30 20:30:00+00:00,,,,,,130.54613995669348,20.35424672041883,159.8254717078513,66.82251163897385
2025-12-30 20:45:00+00:00,,,,,,122.76415580686904,14.523039574683335,154.03043831104026,63.93044038129154
2025-12-30 21:00:00+00:00,,,,,,132.4089155436041,26.01904782124838,165.56383745429494,78.42917077555435
2025-12-30 21:15:00+00:00,,,,,,124.57774243082085,19.96457066801242,159.54745781560433,69.21932847227045
2025-12-30 21:30:00+00:00,,,,,,115.13955260841878,11.992782349641018,151.6193302734235,64.4457403854586
2025-12-30 21:45:00+00:00,,,,,,105.85493172752794,3.9689339770651024,143.6429938413416,56.09126212781991
2025-12-30 22:00:00+00:00,,,,,,109.82302902936748,8.946922163450152,148.6734264563415,59.785939629395095
2025-12-30 22:15:00+00:00,,,,,,101.35406809372861,1.3730194818844055,141.15430515209803,52.6413048064807
2025-12-30 22:30:00+00:00,,,,,,95.46535906923957,-3.864293256227885,135.97683923527944,47.593716002690314
2025-12-30 22:45:00+00:00,,,,,,88.43248516275253,-10.302951290897095,129.59953684268817,39.894986781721286
2025-12-30 23:00:00+00:00,,,,,,103.12554607414455,5.321732083888058,145.28511474031484,55.68117919161175
2025-12-30 23:15:00+00:00,,,,,,,-3.315024683874075,136.71625118008564,47.91865770452253
2025-12-30 23:30:00+00:00,,,,,,,-5.424158732212497,134.67594118580314,45.494689862878985
2025-12-30 23:45:00+00:00,,,,,,,-1.5011376818101603,138.66576728326646,47.74931437902247
2025-12-31 00:00:00+00:00,,,,,,,11.861929872211148,152.0886078067537,61.689598494633415
2025-12-31 00:15:00+00:00,,,,,,,7.450002621365453,147.7390244665731,58.262590169957775
2025-12-31 00:30:00+00:00,,,,,,,11.66783254494936,152.0193777955103,61.76060626297912
2025-12-31 00:45:00+00:00,,,,,,,13.07672255632588,153.49245034172205,63.5338087721825
2025-12-31 01:00:00+00:00,,,,,,,19.162227198755474,159.64232910086054,69.900808005051
2025-12-31 01:15:00+00:00,,,,,,,22.54620429433483,163.08946232142216,72.67125544848341
2025-12-31 01:30:00+00:00,,,,,,,26.153093362394834,166.75545929207368,75.60528944724541
2025-12-31 01:45:00+00:00,,,,,,,28.159720755357643,168.81953277708018,78.20400034441944
2025-12-31 02:00:00+00:00,,,,,,,33.50182591410666,174.21845697378112,84.26431964103453
2025-12-31 02:15:00+00:00,,,,,,,37.26401854345269,178.0335943043314,88.02297053962965
2025-12-31 02:30:00+00:00,,,,,,,41.67067285688155,182.48752129196572,92.42453658845454
2025-12-31 02:45:00+00:00,,,,,,,44.34261461944679,185.2016400567668,95.09012048477679
2025-12-31 03:00:00+00:00,,,,,,,50.08271152526967,190.97920489046433,100.82282430373058
2025-12-31 03:15:00+00:00,,,,,,,51.621263754397404,192.5494453968182,102.35284591551724
2025-12-31 03:30:00+00:00,,,,,,,53.164150429746165,194.1227596492597,103.88727218852472
2025-12-31 03:45:00+00:00,,,,,,,57.8485168615117,198.83660092423062,108.56342938199664
2025-12-31 04:00:00+00:00,,,,,,,55.92493690645839,196.94024176855507,106.63169572660544
2025-12-31 04:15:00+00:00,,,,,,,58.583289486736334,199.62434204759325,109.28224889885229
2025-12-31 04:30:00+00:00,,,,,,,59.528152759018326,200.59620111464488,110.22039989071922
2025-12-31 04:45:00+00:00,,,,,,,63.536039510830435,204.63327870982957,114.22294464574364
2025-12-31 05:00:00+00:00,,,,,,,54.47977141518548,195.60953711510479,105.1630140339438
2025-12-31 05:15:00+00:00,,,,,,,57.76186891459455,198.92617574012073,108.44284475224329
2025-12-31 05:30:00+00:00,,,,,,,63.69078020472339,204.8958426636935,114.37188494546685
2025-12-31 05:45:00+00:00,,,,,,,74.75613628918354,216.0057849366545,125.4391806996371
2025-12-31 06:00:00+00:00,,,,,,,72.0390363884269,213.33210578216134,122.72465858913289
2025-12-31 06:15:00+00:00,,,,,,,78.16036678546287,219.50298574678956,128.8509227983311
2025-12-31 06:30:00+00:00,,,,,,,88.3893012522705,229.78119960573804,139.08559483319794
2025-12-31 06:45:00+00:00,,,,,,,98.34771628288985,239.78941295372573,149.05072593968168
2025-12-31 07:00:00+00:00,,,,,,,100.14646731606578,241.63730830582432,150.85686871861952
2025-12-31 07:15:00+00:00,,,,,,,104.20038037060986,245.7434928796538,154.91969368398685
2025-12-31 07:30:00+00:00,,,,,,,111.17299583438229,252.7628992942632,161.9006589846544
2025-12-31 07:45:00+00:00,,,,,,,112.71114166997786,254.34164602973428,163.4464271446579
2025-12-31 08:00:00+00:00,,,,,,,119.59151500123014,261.7995779801105,170.8764477534212
2025-12-31 08:15:00+00:00,,,,,,,,256.5109287085117,165.56463714697293
2025-12-31 08:30:00+00:00,,,,,,,,247.11380510574628,156.15161137875515
2025-12-31 08:45:00+00:00,,,,,,,,231.63312888677314,140.65679627888682
2025-12-31 09:00:00+00:00,,,,,,,,232.14618631229854,141.15649283149588
2025-12-31 09:15:00+00:00,,,,,,,,210.01832113935643,119.00900430253846
2025-12-31 09:30:00+00:00,,,,,,,,192.6228541302317,101.58910091171364
2025-12-31 09:45:00+00:00,,,,,,,,175.4079193194461,84.34682130434
2025-12-31 10:00:00+00:00,,,,,,,,168.33765568542876,77.24443273185264
2025-12-31 10:15:00+00:00,,,,,,,,152.25876837523882,61.12592946157689
2025-12-31 10:30:00+00:00,,,,,,,,140.09217991526333,48.91486451454365
2025-12-31 10:45:00+00:00,,,,,,,,126.80902773958522,35.58090733292478
2025-12-31 11:00:00+00:00,,,,,,,,122.4849103497412,31.20286227820195
2025-12-31 11:15:00+00:00,,,,,,,,112.19723022959525,20.859284434824005
2025-12-31 11:30:00+00:00,,,,,,,,107.29633450259664,15.900764060020194
2025-12-31 11:45:00+00:00,,,,,,,,104.50942329757166,13.055868463796848
2025-12-31 12:00:00+00:00,,,,,,,,102.89239412890005,11.382322488930278
2025-12-31 12:15:00+00:00,,,,,,,,103.63100812237933,12.06716347805181
2025-12-31 12:30:00+00:00,,,,,,,,104.718523298631,13.101875026848283
2025-12-31 12:45:00+00:00,,,,,,,,107.53117733175041,15.862810735446786
2025-12-31 13:00:00+00:00,,,,,,,,95.90777041234057,4.188836113900109
2025-12-31 13:15:00+00:00,,,,,,,,101.62540762559681,9.854951414105457
2025-12-31 13:30:00+00:00,,,,,,,,109.14435513378311,17.324507060940235
2025-12-31 13:45:00+00:00,,,,,,,,118.72132504425923,26.851331418259804
2025-12-31 14:00:00+00:00,,,,,,,,93.20896311178714,1.282015885715353
2025-12-31 14:15:00+00:00,,,,,,,,106.95555313674758,14.976317407588724
2025-12-31 14:30:00+00:00,,,,,,,,117.27411243099537,25.24546539560376
2025-12-31 14:45:00+00:00,,,,,,,,124.05295938460218,31.97223575274797
2025-12-31 15:00:00+00:00,,,,,,,,108.173709415382,16.037513916358698
2025-12-31 15:15:00+00:00,,,,,,,,120.70786979613989,28.518790335289793
2025-12-31 15:30:00+00:00,,,,,,,,129.73937323128393,37.49927442530918
2025-12-31 15:45:00+00:00,,,,,,,,131.14855727933445,38.85683538966393
2025-12-31 16:00:00+00:00,,,,,,,,136.32902842617807,43.98769503616508
2025-12-31 16:15:00+00:00,,,,,,,,135.05597463659632,42.667425405099166
2025-12-31 16:30:00+00:00,,,,,,,,133.52262458193218,41.0862277631461
2025-12-31 16:45:00+00:00,,,,,,,,131.62617175475313,39.14419021323755
2025-12-31 17:00:00+00:00,,,,,,,,139.77451949080455,50.19652618962891
2025-12-31 17:15:00+00:00,,,,,,,,,38.72258271971374
2025-12-31 17:30:00+00:00,,,,,,,,,38.56753761077198
2025-12-31 17:45:00+00:00,,,,,,,,,32.585101480874016
2025-12-31 18:00:00+00:00,,,,,,,,,45.16609896866004
2025-12-31 18:15:00+00:00,,,,,,,,,44.77152315145413
2025-12-31 18:30:00+00:00,,,,,,,,,47.85052383922795
2025-12-31 18:45:00+00:00,,,,,,,,,44.40003302978181
2025-12-31 19:00:00+00:00,,,,,,,,,61.96172793798159
2025-12-31 19:15:00+00:00,,,,,,,,,60.426549194645546
2025-12-31 19:30:00+00:00,,,,,,,,,59.58367396186428
2025-12-31 19:45:00+00:00,,,,,,,,,58.25667722390263
2025-12-31 20:00:00+00:00,,,,,,,,,85.0497294791474
2025-12-31 20:15:00+00:00,,,,,,,,,70.21457644644647
2025-12-31 20:30:00+00:00,,,,,,,,,67.04774523692078
2025-12-31 20:45:00+00:00,,,,,,,,,64.15567397923846
2025-12-31 21:00:00+00:00,,,,,,,,,78.65440437350128
2025-12-31 21:15:00+00:00,,,,,,,,,69.44456207021737
2025-12-31 21:30:00+00:00,,,,,,,,,64.67097398340553
2025-12-31 21:45:00+00:00,,,,,,,,,56.316495725766835
2025-12-31 22:00:00+00:00,,,,,,,,,60.01117322734202
2025-12-31 22:15:00+00:00,,,,,,,,,52.86653840442762
2025-12-31 22:30:00+00:00,,,,,,,,,47.818949600637225
2025-12-31 22:45:00+00:00,,,,,,,,,40.12022037966821
2025-12-31 23:00:00+00:00,,,,,,,,,55.90641278955867
2025-12-31 23:15:00+00:00,,,,,,,,,48.143891302469456
2025-12-31 23:30:00+00:00,,,,,,,,,45.71992346082591
2025-12-31 23:45:00+00:00,,,,,,,,,47.9745479769694
2026-01-01 00:00:00+00:00,,,,,,,,,61.91483209258034
2026-01-01 00:15:00+00:00,,,,,,,,,58.4878237679047
2026-01-01 00:30:00+00:00,,,,,,,,,61.98583986092604
2026-01-01 00:45:00+00:00,,,,,,,,,63.75904237012943
2026-01-01 01:00:00+00:00,,,,,,,,,70.12604160299793
2026-01-01 01:15:00+00:00,,,,,,,,,72.89648904643033
2026-01-01 01:30:00+00:00,,,,,,,,,75.83052304519234
2026-01-01 01:45:00+00:00,,,,,,,,,78.42923394236637
2026-01-01 02:00:00+00:00,,,,,,,,,84.48955323898146
