time,forecast_202601080200,forecast_202601081100,forecast_202601082000,forecast_202601090500,forecast_202601091400,forecast_202601092300,forecast_202601100800,forecast_202601101700,forecast_202601110200
2026-01-08 02:15:00+00:00,79.2030358818808,,,,,,,,
2026-01-08 02:30:00+00:00,75.57313963754008,,,,,,,,
2026-01-08 02:45:00+00:00,73.69988688385318,,,,,,,,
2026-01-08 03:00:00+00:00,74.57449266279376,,,,,,,,
2026-01-08 03:15:00+00:00,73.04862448737377,,,,,,,,
2026-01-08 03:30:00+00:00,73.00162823698943,,,,,,,,
2026-01-08 03:45:00+00:00,74.79083669424665,,,,,,,,
2026-01-08 04:00:00+00:00,71.93761215998497,,,,,,,,
2026-01-08 04:15:00+00:00,73.43292043591202,,,,,,,,
2026-01-08 04:30:00+00:00,76.72544800287756,,,,,,,,
2026-01-08 04:45:00+00:00,81.67869106025918,,,,,,,,
2026-01-08 05:00:00+00:00,78.54104292968807,,,,,,,,
2026-01-08 05:15:00+00:00,84.29534808504538,,,,,,,,
2026-01-08 05:30:00+00:00,91.52838642441337,,,,,,,,
2026-01-08 05:45:00+00:00,99.45202028226943,,,,,,,,
2026-01-08 06:00:00+00:00,102.19082005556484,,,,,,,,
2026-01-08 06:15:00+00:00,108.20711645926389,,,,,,,,
2026-01-08 06:30:00+00:00,116.16194298781508,,,,,,,,
2026-01-08 06:45:00+00:00,122.69585443429462,,,,,,,,
2026-01-08 07:00:00+00:00,125.63385338733565,,,,,,,,
2026-01-08 07:15:00+00:00,124.82530456627555,,,,,,,,
2026-01-08 07:30:00+00:00,118.46559929976029,,,,,,,,
2026-01-08 07:45:00+00:00,108.3016158460164,,,,,,,,
2026-01-08 08:00:00+00:00,110.06877932512795,,,,,,,,
2026-01-08 08:15:00+00:00,95.0236814478635,,,,,,,,
2026-01-08 08:30:00+00:00,81.6501253252145,,,,,,,,
2026-01-08 08:45:00+00:00,65.88997301973775,,,,,,,,
2026-01-08 09:00:00+00:00,78.99508875696154,,,,,,,,
2026-01-08 09:15:00+00:00,63.705595833724566,,,,,,,,
2026-01-08 09:30:00+00:00,59.923789591233266,,,,,,,,
2026-01-08 09:45:00+00:00,54.5692193021439,,,,,,,,
2026-01-08 10:00:00+00:00,63.17471056140167,,,,,,,,
2026-01-08 10:15:00+00:00,57.27966431881865,,,,,,,,
2026-01-08 10:30:00+00:00,56.33024501028944,,,,,,,,
2026-01-08 10:45:00+00:00,54.26050195820462,,,,,,,,
2026-01-08 11:00:00+00:00,56.54986523948201,,,,,,,,
2026-01-08 11:15:00+00:00,54.5545547986256,177.88086628330265,,,,,,,
2026-01-08 11:30:00+00:00,55.85577554547399,179.0618004348722,,,,,,,
2026-01-08 11:45:00+00:00,57.01790144403709,180.09629291050055,,,,,,,
2026-01-08 12:00:00+00:00,57.618521510553485,180.64690938384626,,,,,,,
2026-01-08 12:15:00+00:00,57.87640653362277,180.85080717220205,,,,,,,
2026-01-08 12:30:00+00:00,58.32778200309662,181.28393376825437,,,,,,,
2026-01-08 12:45:00+00:00,63.700039534507276,186.64824724781636,,,,,,,
2026-01-08 13:00:00+00:00,61.197791833566356,184.17565360566374,,,,,,,
2026-01-08 13:15:00+00:00,66.5114086974534,189.47675955770296,,,,,,,
2026-01-08 13:30:00+00:00,69.97000269113407,192.82570058164006,,,,,,,
2026-01-08 13:45:00+00:00,78.36623088376074,201.07246486250557,,,,,,,
2026-01-08 14:00:00+00:00,68.40759925781205,190.75983200808648,,,,,,,
2026-01-08 14:15:00+00:00,76.7071096544165,198.67600783821175,,,,,,,
2026-01-08 14:30:00+00:00,81.6696019721019,203.1589031791896,,,,,,,
2026-01-08 14:45:00+00:00,85.93975821352464,206.62750025902903,,,,,,,
2026-01-08 15:00:00+00:00,79.79040397869136,199.61510605461368,,,,,,,
2026-01-08 15:15:00+00:00,87.38048293633592,206.39179590159125,,,,,,,
2026-01-08 15:30:00+00:00,92.02361874909195,210.21439973213714,,,,,,,
2026-01-08 15:45:00+00:00,100.71510766104433,218.0198134705732,,,,,,,
2026-01-08 16:00:00+00:00,97.54152273253176,213.95691173742296,,,,,,,
2026-01-08 16:15:00+00:00,107.733874354065,223.56591798016785,,,,,,,
2026-01-08 16:30:00+00:00,115.6916029662741,231.07367210732252,,,,,,,
2026-01-08 16:45:00+00:00,120.0560223177473,234.9686922171782,,,,,,,
2026-01-08 17:00:00+00:00,122.77227627926591,237.37711508865866,,,,,,,
2026-01-08 17:15:00+00:00,127.60879082296398,242.25357943099914,,,,,,,
2026-01-08 17:30:00+00:00,132.61831593716877,247.3769475144523,,,,,,,
2026-01-08 17:45:00+00:00,137.1453401733401,252.11669132589597,,,,,,,
2026-01-08 18:00:00+00:00,144.3622751455956,259.7142803142209,,,,,,,
2026-01-08 18:15:00+00:00,141.96470974311546,257.86791926448353,,,,,,,
2026-01-08 18:30:00+00:00,138.1118782505288,254.65554254232177,,,,,,,
2026-01-08 18:45:00+00:00,134.40247001517028,251.63493235562518,,,,,,,
2026-01-08 19:00:00+00:00,138.84507639163436,256.6517484072358,,,,,,,
2026-01-08 19:15:00+00:00,133.4046126376364,251.66372924876075,,,,,,,
2026-01-08 19:30:00+00:00,128.90575062555064,247.6255797547913,,,,,,,
2026-01-08 19:45:00+00:00,124.72752285530042,243.8505320254383,,,,,,,
2026-01-08 20:00:00+00:00,131.27318596307362,250.77552438051583,,,,,,,
2026-01-08 20:15:00+00:00,132.04885532085447,252.13845374487033,100.58826472246554,,,,,,
2026-01-08 20:30:00+00:00,131.59000170227802,252.42370028774732,100.84582112189382,,,,,,
2026-01-08 20:45:00+00:00,128.7577916547002,250.4043125940403,98.85034215790503,,,,,,
2026-01-08 21:00:00+00:00,139.4703251107773,261.80581711034324,110.2153186513279,,,,,,
2026-01-08 21:15:00+00:00,141.82388060806431,265.04316540341927,113.51705450731757,,,,,,
2026-01-08 21:30:00+00:00,144.4473162579115,268.7385905795525,117.38201805867227,,,,,,
2026-01-08 21:45:00+00:00,138.4396084705155,263.8936300169436,112.77531185781136,,,,,,
2026-01-08 22:00:00+00:00,140.19492756797587,266.793061994056,115.93267577799796,,,,,,
2026-01-08 22:15:00+00:00,132.5922521853299,260.34336466333735,109.78322183572394,,,,,,
2026-01-08 22:30:00+00:00,126.82041470166156,255.59529565005224,105.30267950200846,,,,,,
2026-01-08 22:45:00+00:00,114.77646547639989,244.3717130884559,94.26731688596442,,,,,,
2026-01-08 23:00:00+00:00,121.99870362212091,252.2577016478083,102.27881201114873,,,,,,
2026-01-08 23:15:00+00:00,112.20662524901181,242.95684909875257,93.02992617316946,,,,,,
2026-01-08 23:30:00+00:00,101.34284312838152,232.44035904180623,82.49983136827296,,,,,,
2026-01-08 23:45:00+00:00,94.09225432824965,225.4382965241857,75.43794564394295,,,,,,
2026-01-09 00:00:00+00:00,102.0589937739319,233.63101469964755,83.55981037523895,,,,,,
2026-01-09 00:15:00+00:00,93.78905691989013,225.47799784358193,75.27042889035197,,,,,,
2026-01-09 00:30:00+00:00,89.07346523717756,220.73854041283798,70.28925762564002,,,,,,
2026-01-09 00:45:00+00:00,84.98687490636053,216.73156820753417,66.0586942267018,,,,,,
2026-01-09 01:00:00+00:00,89.4572967160795,221.40739061080023,70.54131192052895,,,,,,
2026-01-09 01:15:00+00:00,84.55171732244092,216.85906692757194,65.85011262660711,,,,,,
2026-01-09 01:30:00+00:00,81.93201592193154,214.67402185815334,63.5312127067716,,,,,,
2026-01-09 01:45:00+00:00,79.52566747906636,212.88223038321337,61.675140802997774,,,,,,
2026-01-09 02:00:00+00:00,83.21216044425123,216.98148655402056,65.80491252209838,,,,,,
2026-01-09 02:15:00+00:00,79.36858418409699,214.78322837259876,63.725353680126,,,,,,
2026-01-09 02:30:00+00:00,75.73868793975628,212.0423891133957,61.110200953873715,,,,,,
2026-01-09 02:45:00+00:00,73.86543518606936,211.19105441635244,60.42777552893233,,,,,,
2026-01-09 03:00:00+00:00,74.74004096500995,212.74338556386908,62.17684136625189,,,,,,
2026-01-09 03:15:00+00:00,73.21417278958997,212.70912813824287,62.35013615830881,,,,,,
2026-01-09 03:30:00+00:00,73.16717653920563,213.3050859596386,63.097603497557444,,,,,,
2026-01-09 03:45:00+00:00,74.95638499646284,215.5379307549959,65.46324932713105,,,,,,
2026-01-09 04:00:00+00:00,72.10316046220116,213.47529360589883,63.49176771202502,,,,,,
2026-01-09 04:15:00+00:00,73.59846873812822,215.45654239671933,65.53174088464533,,,,,,
2026-01-09 04:30:00+00:00,76.89099630509375,219.02164152216022,69.09472960043736,,,,,,
2026-01-09 04:45:00+00:00,81.84423936247538,224.02883410482215,74.01733382121654,,,,,,
2026-01-09 05:00:00+00:00,78.70659123190427,221.41489867654698,71.33453128671181,,,,,,
2026-01-09 05:15:00+00:00,84.46089638726157,227.08692439966921,76.88240412793736,70.19231896699816,,,,,
2026-01-09 05:30:00+00:00,91.69393472662955,235.16555823123247,84.75107040458403,78.06484176753737,,,,,
2026-01-09 05:45:00+00:00,99.61756858448562,242.48964893838232,91.75478065031636,85.07535718745913,,,,,
2026-01-09 06:00:00+00:00,102.35636835778104,244.1480340223736,93.1227175775697,86.453612497705,,,,,
2026-01-09 06:15:00+00:00,108.37266476148008,251.02135365312856,99.73334941442951,93.0778773001292,,,,,
2026-01-09 06:30:00+00:00,116.32749129003128,259.88665511301355,108.33892047450615,101.70009444625458,,,,,
2026-01-09 06:45:00+00:00,122.8614027365108,267.4219152955284,115.74498245211068,109.1256139980072,,,,,
2026-01-09 07:00:00+00:00,125.79940168955184,269.49997988388395,117.80417584796962,111.20612759382998,,,,,
2026-01-09 07:15:00+00:00,124.99085286849174,268.67381309060124,116.9742783320149,110.39842700821448,,,,,
2026-01-09 07:30:00+00:00,118.63114760197648,262.796689954274,110.99451810642057,104.44110269310445,,,,,
2026-01-09 07:45:00+00:00,108.4671641482326,253.03085802079215,101.12233468537649,94.59156759031376,,,,,
2026-01-09 08:00:00+00:00,110.23432762734414,254.20520497052286,102.06434059324977,95.55589108916385,,,,,
2026-01-09 08:15:00+00:00,95.18922975007969,239.90490517482945,87.35734763984749,80.87096037520989,,,,,
2026-01-09 08:30:00+00:00,81.8156736274307,225.8400148840093,72.7403152936321,66.27612842391133,,,,,
2026-01-09 08:45:00+00:00,66.05552132195395,206.3241072835357,52.517997369508606,46.07645197892597,,,,,
2026-01-09 09:00:00+00:00,79.16063705917773,220.35068697023507,65.9936185123881,59.57571844683856,,,,,
2026-01-09 09:15:00+00:00,63.87114413594076,204.6259818158947,49.62778675306913,43.23345160168748,,,,,
2026-01-09 09:30:00+00:00,60.089337893449446,198.89788119736681,43.35579632559921,36.985224823771276,,,,,
2026-01-09 09:45:00+00:00,54.734767604360094,193.64899922368247,37.70629178526005,31.359048327782986,,,,,
2026-01-09 10:00:00+00:00,63.34025886361786,203.62206679845517,47.4209920897447,41.0957668446769,,,,,
2026-01-09 10:15:00+00:00,57.44521262103484,196.20430974156534,39.71633329488117,33.410865850202384,,,,,
2026-01-09 10:30:00+00:00,56.49579331250563,196.1146728469356,39.404381315741034,33.11638257433286,,,,,
2026-01-09 10:45:00+00:00,54.4260502604208,193.6187819296687,36.67685769118306,30.40353904419014,,,,,
2026-01-09 11:00:00+00:00,56.715413541698204,196.49120631233953,39.5164239182875,33.25495783072479,,,,,
2026-01-09 11:15:00+00:00,54.7201031008418,194.47583275119493,36.94903377261589,30.696584049741162,,,,,
2026-01-09 11:30:00+00:00,56.021323847690184,195.65676690276445,37.79625184617464,31.550363102353742,,,,,
2026-01-09 11:45:00+00:00,57.18344974625329,196.69125937839283,39.207796102179756,32.96662890887457,,,,,
2026-01-09 12:00:00+00:00,57.78406981276968,197.2418758517385,38.25606087236339,32.01835553488139,,,,,
2026-01-09 12:15:00+00:00,58.04195483583895,197.44577364009433,39.64284499986715,33.408173641367426,,,,,
2026-01-09 12:30:00+00:00,58.49333030531282,197.87890023614662,38.79770408440744,32.56632685131038,,,,,
2026-01-09 12:45:00+00:00,63.86558783672347,203.24321371570863,44.03865614148414,37.8119769552769,,,,,
2026-01-09 13:00:00+00:00,61.36334013578255,200.770620073556,40.57922191429259,34.359482884111245,,,,,
2026-01-09 13:15:00+00:00,66.6769569996696,206.0717260255952,47.66199781230133,41.452305759687135,,,,,
2026-01-09 13:30:00+00:00,70.13555099335025,209.4206670495323,50.48844621887564,44.2923537521463,,,,,
2026-01-09 13:45:00+00:00,78.53177918597693,217.66743133039782,56.20207222718615,50.02392900058281,,,,,
2026-01-09 14:00:00+00:00,68.57314756002825,207.35479847597875,47.38130997319706,41.22585172542321,,,,,
2026-01-09 14:15:00+00:00,76.8726579566327,215.270974306104,54.400930446745676,48.272783940033065,87.8704638200796,,,,
2026-01-09 14:30:00+00:00,81.8351502743181,219.75386964708187,58.48450153024354,52.38816750569209,91.92287635730267,,,,
2026-01-09 14:45:00+00:00,86.10530651574084,223.22246672692128,61.90748180051934,55.846903244341405,95.35452945372137,,,,
2026-01-09 15:00:00+00:00,79.95595228090755,216.21007252250595,53.394951907171816,47.37393742178735,86.87420584794597,,,,
2026-01-09 15:15:00+00:00,87.54603123855212,222.98676236948347,60.772986246145614,54.79486144130361,94.27281732348298,,,,
2026-01-09 15:30:00+00:00,92.18916705130815,226.80936620002942,64.92077204251677,58.987655803191785,98.44893508276492,,,,
2026-01-09 15:45:00+00:00,100.88065596326052,234.61477993846546,71.8904853283376,66.00351725621621,105.47155624788357,,,,
2026-01-09 16:00:00+00:00,97.70707103474795,230.5518782053152,64.90006947095729,59.05965447812601,98.56239035393374,,,,
2026-01-09 16:15:00+00:00,107.89942265628117,240.16088444806013,75.00881398176959,69.21483337179369,108.7050973849118,,,,
2026-01-09 16:30:00+00:00,115.8571512684903,247.66863857521477,81.09459631367785,75.34507354439062,114.82875611849451,,,,
2026-01-09 16:45:00+00:00,120.2215706199635,251.56365868507046,84.52971445139222,78.82169168718893,118.31632892706773,,,,
2026-01-09 17:00:00+00:00,122.9378245814821,253.9720815565509,90.30985392028522,84.6397202744904,124.12060982923279,,,,
2026-01-09 17:15:00+00:00,127.77433912518018,258.8485458988914,89.4311124923607,83.79390346908968,123.28120596100791,,,,
2026-01-09 17:30:00+00:00,132.78386423938494,263.9719139823445,95.91985127018393,90.31020983121033,129.77024025499298,,,,
2026-01-09 17:45:00+00:00,137.31088847555628,268.7116577937882,99.80287515624607,94.21422091395989,133.66365360663073,,,,
2026-01-09 18:00:00+00:00,144.52782344781178,276.3092467821131,109.5723299795659,103.99797134528812,143.4128001004546,,,,
2026-01-09 18:15:00+00:00,142.1302580453317,274.4628857323758,106.96703381724782,101.39967417070817,140.78602693256022,,,,
2026-01-09 18:30:00+00:00,138.277426552745,271.25050901021405,102.0707602063693,96.5032584695072,135.8671830229892,,,,
2026-01-09 18:45:00+00:00,134.56801831738647,268.22989882351743,100.01697882906923,94.44265347799748,133.77562867836733,,,,
2026-01-09 19:00:00+00:00,139.01062469385056,273.2467148751281,106.80707930909266,101.21968297654567,140.54520675165972,,,,
2026-01-09 19:15:00+00:00,133.5701609398526,268.258695716653,99.86806722402017,94.26251049389444,133.63335542496617,,,,
2026-01-09 19:30:00+00:00,129.07129892776683,264.22054622268354,96.20380626045831,90.57696608403015,129.98978148338864,,,,
2026-01-09 19:45:00+00:00,124.89307115751662,260.44549849333055,92.57544927411601,86.92536167698144,126.39740578245785,,,,
2026-01-09 20:00:00+00:00,131.4387342652898,267.3704908484081,99.31330087770561,94.2371718267788,133.77803450405133,,,,
2026-01-09 20:15:00+00:00,132.21440362307064,268.73342021276255,100.55912451440761,94.43334808897063,134.02309212780048,,,,
2026-01-09 20:30:00+00:00,131.7555500044942,269.01866675563963,100.8166809138359,94.59951563141325,134.2012251409579,,,,
2026-01-09 20:45:00+00:00,128.9233399569164,266.99927906193255,98.82120194984711,92.78233981004396,132.37183270074465,,,,
2026-01-09 21:00:00+00:00,139.6358734129935,278.4007835782355,110.18617844326998,104.71565537644653,144.2993500494638,,,,
2026-01-09 21:15:00+00:00,141.98942891028054,281.63813187131154,113.48791429925964,106.72466920974301,146.27947207417088,,,,
2026-01-09 21:30:00+00:00,144.61286456012766,285.33355704744474,117.35287785061435,111.15232893480862,150.63166436539535,,,,
2026-01-09 21:45:00+00:00,138.60515677273168,280.48859648483585,112.74617164975344,106.85625852975474,146.23658077880788,,,,
2026-01-09 22:00:00+00:00,140.36047587019206,283.38802846194824,115.90353556994003,110.65558016551074,149.92678404703528,,,,
2026-01-09 22:15:00+00:00,132.7578004875461,276.93833113122963,109.75408162766601,103.74064594342272,142.89893513327974,,,,
2026-01-09 22:30:00+00:00,126.98596300387776,272.1902621179445,105.27353929395053,99.09537260043582,138.14785229873223,,,,
2026-01-09 22:45:00+00:00,114.94201377861609,260.96667955634814,94.2381766779065,89.1193259409414,128.08357581737005,,,,
2026-01-09 23:00:00+00:00,122.1642519243371,268.8526681157005,102.2496718030908,97.51154401286675,136.41247036356071,,,,
2026-01-09 23:15:00+00:00,112.372173551228,259.5518155666448,93.00078596511153,86.97335442843352,125.84467990481537,68.9797552662433,,,
2026-01-09 23:30:00+00:00,101.50839143059771,249.03532550969848,82.47069116021504,76.6770344026471,115.53157232813422,58.340284070426584,,,
2026-01-09 23:45:00+00:00,94.25780263046585,242.03326299207797,75.40880543588503,70.2314970205819,109.08190396745158,51.68650278313696,,,
2026-01-10 00:00:00+00:00,102.2245420761481,250.2259811675398,83.53067016718103,77.88999156644412,116.74845557026698,59.24406181102636,,,
2026-01-10 00:15:00+00:00,93.95460522210631,242.07296431147418,75.24128868229404,70.06587663100609,108.94859570446866,51.44840825938541,,,
2026-01-10 00:30:00+00:00,89.23901353939375,237.33350688073025,70.2601174175821,64.70663136104137,103.65243015991157,46.42990962361603,,,
2026-01-10 00:45:00+00:00,85.15242320857672,233.32653467542642,66.02955401864388,60.23311601592514,99.24242330997589,42.18172192853021,,,
2026-01-10 01:00:00+00:00,89.62284501829569,238.0023570786925,70.51217171247103,64.64797835972638,103.71643518343802,46.64305177664242,,,
2026-01-10 01:15:00+00:00,84.71726562465712,233.4540333954642,65.82097241854919,60.051533328676165,99.17044089273861,41.86796058186959,,,
2026-01-10 01:30:00+00:00,82.09756422414773,231.26898832604562,63.50207249871367,57.612722250980966,96.78816041531616,39.16819476680487,,,
2026-01-10 01:45:00+00:00,79.69121578128255,229.47719685110565,61.64600059493985,55.94687874793733,95.1662724823648,36.96967549709752,,,
2026-01-10 02:00:00+00:00,83.37770874646742,233.5764530219128,65.77577231404045,59.91871758679567,99.16542184692028,40.114637616206124,,,
2026-01-10 02:15:00+00:00,,231.378194840491,63.696213472068074,57.80594389891565,97.06163834573543,36.90907225299422,,,
2026-01-10 02:30:00+00:00,,228.63735558128798,61.08106074581579,55.2766483068307,94.54438118118442,33.277326667734464,,,
2026-01-10 02:45:00+00:00,,227.7860208842447,60.398635320874405,54.45609976696126,93.72969963834805,31.2901285896801,,,
2026-01-10 03:00:00+00:00,,229.33835203176133,62.14770115819397,56.20098558369935,95.47327859173755,31.833205111826977,,,
2026-01-10 03:15:00+00:00,,229.30409460613515,62.32099595025088,56.47253338017195,95.73854840394195,30.925142416875268,,,
2026-01-10 03:30:00+00:00,,229.90005242753085,63.06846328949952,57.32688736573423,96.5981494114707,30.81581175539741,,,
2026-01-10 03:45:00+00:00,,232.13289722288818,65.43410911907313,59.616124588506594,98.89277007310113,32.262787788516874,,,
2026-01-10 04:00:00+00:00,,230.07026007379108,63.4626275039671,58.0097942008023,97.29135172060441,29.950418710998868,,,
2026-01-10 04:15:00+00:00,,232.0515088646116,65.5026006765874,59.54874531956059,98.83808020085526,30.960347425702466,,,
2026-01-10 04:30:00+00:00,,235.6166079900525,69.06558939237944,63.284624630281925,102.58202456291718,34.33088134625183,,,
2026-01-10 04:45:00+00:00,,240.6238005727144,73.98819361315861,68.12258890643395,107.43867924227627,39.066418447113264,,,
2026-01-10 05:00:00+00:00,,238.00986514443923,71.30539107865388,65.41573625560035,105.4153311038622,36.84532180668916,,,
2026-01-10 05:15:00+00:00,,243.68189086756146,76.85326391987944,70.96490649466782,110.49378709122223,41.93722118418009,,,
2026-01-10 05:30:00+00:00,,251.76052469912474,84.7219301965261,78.83742929520703,117.62206185122629,49.32570052765384,,,
2026-01-10 05:45:00+00:00,,259.08461540627457,91.72564044225844,85.84794471512879,124.97531103385954,57.15428534955736,,,
2026-01-10 06:00:00+00:00,,260.74300049026584,93.09357736951178,87.22620002537465,126.7144673187579,59.2525163330329,,,
2026-01-10 06:15:00+00:00,,267.6163201210208,99.70420920637159,93.85046482779886,133.26523410975994,66.08829556624053,,,
2026-01-10 06:30:00+00:00,,276.4816215809058,108.30978026644823,102.47268197392424,141.3999462695019,74.50249728559874,,,
2026-01-10 06:45:00+00:00,,284.01688176342066,115.71584224405275,109.89820152567685,149.09571768635578,82.09135172034381,,,
2026-01-10 07:00:00+00:00,,286.09494635177623,117.77503563991169,111.97871512149963,150.36360149043702,83.05858347285877,,,
2026-01-10 07:15:00+00:00,,285.26877955849346,116.94513812395698,111.17101453588414,150.56978928977256,82.91942698410905,,,
2026-01-10 07:30:00+00:00,,279.3916564221662,110.96537789836265,105.21369022077411,144.7254320573411,77.12210435781238,,,
2026-01-10 07:45:00+00:00,,269.62582448868443,101.09319447731856,95.36415511798342,134.66533538242334,67.20302973668882,,,
2026-01-10 08:00:00+00:00,,270.80017143841513,102.03520038519184,96.32847861683351,135.31831370233627,68.38529940859034,,,
2026-01-10 08:15:00+00:00,,256.49987164272176,87.32820743178956,81.64354790287955,121.3746028648853,55.39025879645882,78.37757653080504,,
2026-01-10 08:30:00+00:00,,242.43498135190154,72.71117508557417,67.04871595158099,106.8737658268985,42.22060929542552,65.15708055014142,,
2026-01-10 08:45:00+00:00,,222.919073751428,52.48885716145068,46.84903950659562,87.57928554637421,24.539989017012527,47.42116476437033,,
2026-01-10 09:00:00+00:00,,236.94565343812732,65.96447830433017,60.348305974508214,98.83169722340557,37.07485052574001,59.907902718222516,,
2026-01-10 09:15:00+00:00,,221.22094828378698,49.598646545011206,44.006039129357134,83.89395067479514,23.350792531431885,46.13637513368674,,
2026-01-10 09:30:00+00:00,,215.49284766525906,43.32665611754128,37.75781235144093,78.02978072949813,18.412680705190162,41.155414352620944,,
2026-01-10 09:45:00+00:00,,210.24396569157474,37.677151577202125,32.13163585545264,71.45869983995954,12.409054175996317,35.11399899943401,,
2026-01-10 10:00:00+00:00,,220.2170332663474,47.391851881686776,41.86835437234656,80.62584363728925,21.728240029424178,44.40109716697354,,
2026-01-10 10:15:00+00:00,,212.7992762094576,39.68719308682324,34.18345337787204,73.55655201970777,14.828151722103733,37.465870286534894,,
2026-01-10 10:30:00+00:00,,212.70963931482788,39.37524110768311,33.88897010200252,72.7687496322695,14.136440759775112,36.73840492261525,,
2026-01-10 10:45:00+00:00,,210.21374839756095,36.647717483125135,31.176126571859797,70.37663679695024,11.858170888039723,34.422529078871165,,
2026-01-10 11:00:00+00:00,,213.0861727802318,39.487283710229576,34.02754535839445,73.3703826009701,14.998611979828574,37.52414408588672,,
2026-01-10 11:15:00+00:00,,,36.91989356455797,31.46917157741082,70.59739303901117,12.525783261335889,35.009772988560535,,
2026-01-10 11:30:00+00:00,,,37.76711163811672,32.3229506300234,71.70904665883438,14.048292615921895,36.48973528481769,,
2026-01-10 11:45:00+00:00,,,39.17865589412183,33.739216436544226,72.82068896525507,15.589949084978173,37.99049109821115,,
2026-01-10 12:00:00+00:00,,,38.22692066430547,32.790943062551044,72.43773975832245,15.580417634625356,37.943562889083445,,
2026-01-10 12:15:00+00:00,,,39.613704791809226,34.18076116903708,73.03911217151187,16.487833708480906,38.81726300115956,,
2026-01-10 12:30:00+00:00,,,38.76856387634952,33.338914378980036,72.43539676877975,16.191353392097973,38.48889447796758,,
2026-01-10 12:45:00+00:00,,,44.009515933426215,38.584564482946554,77.36697043902728,21.380353472654853,43.64852007965991,,
2026-01-10 13:00:00+00:00,,,40.550081706234664,35.1320704117809,74.36042809080276,18.559573023340704,40.801068219551354,,
2026-01-10 13:15:00+00:00,,,47.632857604243405,42.22489328735679,80.85404733181386,25.183395228752246,47.40026931831595,,
2026-01-10 13:30:00+00:00,,,50.45930601081771,45.064941279815955,83.93652839107898,28.56395288541551,50.75339692697318,,
2026-01-10 13:45:00+00:00,,,56.172932019128226,50.79651652825247,89.63741996536545,34.735932187759474,56.89512132117581,,
2026-01-10 14:00:00+00:00,,,47.35216976513914,41.99843925309287,80.9257479534418,26.9686860512884,49.09800404688525,,
2026-01-10 14:15:00+00:00,,,54.37179023868775,49.04537146770272,87.91028789652238,34.01295428503375,56.1097775287879,,
2026-01-10 14:30:00+00:00,,,58.45536132218562,53.160755033361745,91.96270043374545,38.70103754739297,60.7654338764138,,
2026-01-10 14:45:00+00:00,,,61.87834159246142,56.61949077201106,95.39435353016414,43.78769395425556,65.81380780332941,,
2026-01-10 15:00:00+00:00,,,53.36581169911389,48.14652494945701,86.91402992438874,36.58217962344607,58.56763735170344,,
2026-01-10 15:15:00+00:00,,,60.74384603808769,55.56744896897327,94.31264139992575,45.11370319915555,67.06352734323146,,
2026-01-10 15:30:00+00:00,,,64.89163183445885,59.76024333086144,98.48875915920769,50.56878050903981,72.48386511716728,,
2026-01-10 15:45:00+00:00,,,71.86134512027968,66.77610478388587,105.51138032432634,58.66314203958119,80.5397052569649,,
2026-01-10 16:00:00+00:00,,,64.87092926289937,59.83224200579567,98.6022144303765,54.81770583235981,76.65423579573594,,
2026-01-10 16:15:00+00:00,,,74.97967377371167,69.98742089946334,108.74492146135456,64.51133173491206,86.31390621515641,,
2026-01-10 16:30:00+00:00,,,81.06545610561993,76.11766107206027,114.86858019493728,71.62840190184036,93.39846315237244,,
2026-01-10 16:45:00+00:00,,,84.5005742433343,79.59427921485859,118.3561530035105,76.58428006741346,98.31913070559048,,
2026-01-10 17:00:00+00:00,,,90.2807137122273,85.41230780216006,124.16043390567556,82.41865528284067,104.12048674595823,,
2026-01-10 17:15:00+00:00,,,89.40197228430277,84.56649099675934,123.32103003745068,83.01036155367237,104.6762789794982,133.13675848968288,
2026-01-10 17:30:00+00:00,,,95.890711062126,91.08279735887999,129.81006433143577,88.95398343820172,110.58599102628558,138.8819743383397,
2026-01-10 17:45:00+00:00,,,99.77373494818815,94.98680844162955,133.70347768307352,92.68165163512123,114.27635586385232,142.55229865308115,
2026-01-10 18:00:00+00:00,,,109.54318977150797,104.77055887295778,143.4526241768974,102.07271956039071,123.63281393922358,152.20396022559515,
2026-01-10 18:15:00+00:00,,,106.9378936091899,102.17226169837782,140.825851009003,99.73637904565675,121.26037423073495,150.3097649309033,
2026-01-10 18:30:00+00:00,,,102.04161999831138,97.27584599717686,135.90700709943198,94.381367267037,115.86590829581749,145.50263409077388,
2026-01-10 18:45:00+00:00,,,99.9878386210113,95.21524100566714,133.81545275481008,91.60025882197637,113.0459692878004,143.463003301788,
2026-01-10 19:00:00+00:00,,,106.77793910103473,101.99227050421533,140.58503082810248,96.92365093883222,118.32485392884172,149.50716092671883,
2026-01-10 19:15:00+00:00,,,99.83892701596224,95.0350980215641,133.67317950140892,90.69158215464485,112.04079388938666,143.88199932213996,
2026-01-10 19:30:00+00:00,,,96.17466605240038,91.3495536116998,130.02960555983142,86.5593861483282,107.8558261434212,140.4006248422649,
2026-01-10 19:45:00+00:00,,,92.54630906605809,87.6979492046511,126.43722985890062,82.74503167366791,103.98713102252646,137.21272615027178,
2026-01-10 20:00:00+00:00,,,99.28416066964769,95.00975935444846,133.8178585804941,89.38841148426988,110.57576915165009,144.44960859930217,
2026-01-10 20:15:00+00:00,,,,95.20593561664029,134.06291620424324,89.30754252932081,110.44601134074074,145.08450300119193,
2026-01-10 20:30:00+00:00,,,,95.37210315908291,134.24104921740067,88.8657998799047,109.96262568658933,145.5049064182182,
2026-01-10 20:45:00+00:00,,,,93.55492733771362,132.41165677718743,86.20884041441604,107.26857243611154,143.75857244511414,
2026-01-10 21:00:00+00:00,,,,105.48824290411619,144.3391741259066,97.38349083208105,118.40558931273337,155.7220866750085,
2026-01-10 21:15:00+00:00,,,,107.49725673741267,146.31929615061367,98.30408758335236,119.29401215164393,157.47113186867605,
2026-01-10 21:30:00+00:00,,,,111.92491646247828,150.6714884418381,101.51801695225545,122.4857723697414,161.69837799394887,
2026-01-10 21:45:00+00:00,,,,107.6288460574244,146.27640485525063,96.13009795294535,117.08048675785734,157.38112738228745,
2026-01-10 22:00:00+00:00,,,,111.4281676931804,149.96660812347807,98.16047093619709,119.09328292121164,160.41785316128227,
2026-01-10 22:15:00+00:00,,,,104.51323347109238,142.9387592097225,90.06831563557418,110.9825149455019,153.26829714087117,
2026-01-10 22:30:00+00:00,,,,99.86796012810548,138.18767637517502,84.24088761722888,105.1324930387525,148.25150522928595,
2026-01-10 22:45:00+00:00,,,,89.89191346861105,128.1233998938128,73.24424437217854,94.10759592725121,137.89731865640442,
2026-01-10 23:00:00+00:00,,,,98.2841315405364,136.45229444000347,80.15481516963708,101.01353656091081,145.27734782604122,
2026-01-10 23:15:00+00:00,,,,87.74594195610318,125.88450398125813,69.12530372319934,90.29765814388175,134.8617705848231,
2026-01-10 23:30:00+00:00,,,,77.44962193031675,115.57139640457699,58.48583252738262,79.63879086406614,124.4162523804492,
2026-01-10 23:45:00+00:00,,,,71.00408454825156,109.12172804389435,51.832051240092994,72.90731204018394,117.84932001635232,
2026-01-11 00:00:00+00:00,,,,78.66257909411378,116.78827964670975,59.389610267982405,79.76332219189867,124.83515926547766,
2026-01-11 00:15:00+00:00,,,,70.83846415867575,108.98841978091143,51.593956716341445,72.57450905688927,117.81028299454731,
2026-01-11 00:30:00+00:00,,,,65.47921888871103,103.69225423635434,46.57545808057206,67.40796714507613,112.70711512484125,
2026-01-11 00:45:00+00:00,,,,61.0057035435948,99.28224738641866,42.32727038548626,63.03109380571782,108.52285372013314,
2026-01-11 01:00:00+00:00,,,,65.42056588739604,103.75625925988079,46.78860023359846,66.96724961894432,112.81233683972656,
2026-01-11 01:15:00+00:00,,,,60.82412085634582,99.21026496918137,42.013509038825624,62.60748917374483,109.02812289770148,
2026-01-11 01:30:00+00:00,,,,58.38530977865062,96.82798449175893,39.31374322376091,59.828371341496116,106.9262280410329,
2026-01-11 01:45:00+00:00,,,,56.71946627560699,95.20609655880756,37.115223954053555,57.58423702439288,105.54841598769559,
2026-01-11 02:00:00+00:00,,,,60.69130511446533,99.20524592336305,40.26018607316216,60.399503242927096,109.40803564882557,
2026-01-11 02:15:00+00:00,,,,58.57853142658531,97.1014624221782,37.05462070995026,57.46604805872536,107.68986986462288,82.69173907038041
2026-01-11 02:30:00+00:00,,,,56.04923583450036,94.58420525762719,33.4228751246905,53.84917197221119,105.2893916538733,80.22807146889946
2026-01-11 02:45:00+00:00,,,,55.228687294630916,93.76952371479082,31.435677046636137,51.66336343024227,104.32096033722476,79.23609696722002
2026-01-11 03:00:00+00:00,,,,56.97357311136901,95.51310266818032,31.978753568783013,52.0255166416091,105.8824449780925,80.81803063432241
2026-01-11 03:15:00+00:00,,,,57.24512090784161,95.77837248038472,31.070690873831303,51.20427045138015,106.21292801214194,81.20571684855229
2026-01-11 03:30:00+00:00,,,,58.09947489340389,96.63797348791346,30.96136021235345,51.032134227771714,107.03216374646163,82.05841576886976
2026-01-11 03:45:00+00:00,,,,60.38871211617625,98.9325941495439,32.40833624547291,52.36385501249872,109.23347282126372,84.28907748142498
2026-01-11 04:00:00+00:00,,,,58.782381728471954,97.33117579704717,30.095967167954903,50.33263299359097,107.95979005303981,83.04347936078597
2026-01-11 04:15:00+00:00,,,,60.321332847230245,98.87790427729803,31.10589588265851,50.97070889545421,109.19174011340534,84.26766642030434
2026-01-11 04:30:00+00:00,,,,64.05721215795158,102.62184863935997,34.476429803207864,54.391398812130795,113.08188037525696,88.13265314206464
2026-01-11 04:45:00+00:00,,,,68.8951764341036,107.47850331871904,39.2119669040693,58.788652809793355,117.75631566383831,92.72121295446296
2026-01-11 05:00:00+00:00,,,,66.18832378327001,105.45515518030497,36.99087026364519,56.581695321313134,115.83375865258547,90.75550973489045
2026-01-11 05:15:00+00:00,,,,,110.533611167665,42.082769641136125,61.57980359413883,120.96443387874015,95.80525090982216
2026-01-11 05:30:00+00:00,,,,,117.66188592766906,49.47124898460987,68.79733281500597,128.13517798784474,102.84147020818187
2026-01-11 05:45:00+00:00,,,,,125.01513511030231,57.2998338065134,76.81411481132535,135.95682909189037,110.49166135618444
2026-01-11 06:00:00+00:00,,,,,126.75429139520068,59.398064789988936,78.56713383731302,137.51557573412282,111.92429875876977
2026-01-11 06:15:00+00:00,,,,,133.30505818620273,66.23384402319657,85.38472305626983,144.14838999895687,118.49417093622182
2026-01-11 06:30:00+00:00,,,,,141.43977034594465,74.64804574255476,93.70105112184237,152.23976505502324,126.56099629814935
2026-01-11 06:45:00+00:00,,,,,149.13554176279857,82.23690017729984,101.3271367663626,159.80508621141658,134.25589629513564
2026-01-11 07:00:00+00:00,,,,,150.40342556687978,83.2041319298148,102.42555263278396,160.9083661558432,135.60212406672107
2026-01-11 07:15:00+00:00,,,,,150.6096133662153,83.06497544106509,102.5939724840599,161.05859487569788,136.06763580819361
2026-01-11 07:30:00+00:00,,,,,144.76525613378388,77.26765281476841,97.42831596670726,155.6295500311086,130.88960994147664
2026-01-11 07:45:00+00:00,,,,,134.70515945886612,67.34857819364485,87.64815110622366,145.4727247092108,120.96845920779992
2026-01-11 08:00:00+00:00,,,,,135.35813777877905,68.53084786554638,87.82367084331389,144.93636767135445,120.55179172808207
2026-01-11 08:15:00+00:00,,,,,121.41442694132807,55.53580725341485,74.78404454124582,132.12460827053633,107.77533534054257
2026-01-11 08:30:00+00:00,,,,,106.91358990334128,42.366157752381554,61.56354856058219,117.6642991419512,93.20338035829764
2026-01-11 08:45:00+00:00,,,,,87.61910962281698,24.685537473968562,43.82763277481111,98.87125761045584,74.19415621088247
2026-01-11 09:00:00+00:00,,,,,98.87152129984834,37.22039898269605,56.31437072866329,108.74017567626953,83.88020368865222
2026-01-11 09:15:00+00:00,,,,,83.9337747512379,23.49634098838792,42.54284314412752,95.43844465597316,70.4489573997336
2026-01-11 09:30:00+00:00,,,,,78.06960480594091,18.558229162146198,37.56188236306172,89.70990357971685,64.6252268453704
2026-01-11 09:45:00+00:00,,,,,71.4985239164023,12.554602632952353,31.520467009874785,82.84378469052062,57.73952060887207
2026-01-11 10:00:00+00:00,,,,,80.66566771373202,21.873788486380214,40.80756517741432,90.47442915178493,65.43239586911093
2026-01-11 10:15:00+00:00,,,,,73.59637609615052,14.973700179059769,33.87233829697567,84.83154998090549,59.88113808277371
2026-01-11 10:30:00+00:00,,,,,72.80857370871229,14.281989216731148,33.14487293305603,83.86407493886081,58.972525260780074
2026-01-11 10:45:00+00:00,,,,,70.41646087339302,12.003719344995758,30.82899708931194,81.10771215902324,56.23550965683251
2026-01-11 11:00:00+00:00,,,,,73.41020667741287,15.14416043678461,33.93061209632749,83.89273612919544,59.000101563988196
2026-01-11 11:15:00+00:00,,,,,70.63721711545395,12.671331718291931,31.41624099900131,81.85144444131969,56.87715465773927
2026-01-11 11:30:00+00:00,,,,,71.74887073527714,14.19384107287793,32.896203295258466,82.91171847652116,57.777010428273826
2026-01-11 11:45:00+00:00,,,,,72.86051304169784,15.735497541934208,34.39695910865193,83.91369991006474,58.582889002579094
2026-01-11 12:00:00+00:00,,,,,72.47756383476522,15.725966091581398,34.35003089952422,83.78201828478866,58.26153451767854
2026-01-11 12:15:00+00:00,,,,,73.07893624795464,16.63338216543694,35.22373101160032,84.81829499878467,59.13023322488469
2026-01-11 12:30:00+00:00,,,,,72.47522084522254,16.33690184905401,34.89536248840835,84.18808260031929,58.34005611259895
2026-01-11 12:45:00+00:00,,,,,77.40679451547005,21.52590192961089,40.054988090100686,89.63999347657631,63.68781275567356
2026-01-11 13:00:00+00:00,,,,,74.40025216724553,18.70512148029674,37.20753622999213,86.12762558669044,60.12323463264462
2026-01-11 13:15:00+00:00,,,,,80.89387140825663,25.328943685708282,43.806737328756725,92.56441989704209,66.59509088546683
2026-01-11 13:30:00+00:00,,,,,83.97635246752175,28.709501342371546,47.15986493741396,95.71209715278695,69.80705913048614
2026-01-11 13:45:00+00:00,,,,,89.67724404180822,34.88148064471551,53.30158933161658,101.14035738898409,75.32026559702274
2026-01-11 14:00:00+00:00,,,,,80.96557202988457,27.114234508244436,45.504472057326026,92.68916157201886,67.02461915264067
2026-01-11 14:15:00+00:00,,,,,,34.158502741989786,52.51624553922868,99.36039964101845,73.86901572768514
2026-01-11 14:30:00+00:00,,,,,,38.84658600434901,57.17190188685458,102.33989495428489,77.03833745724395
2026-01-11 14:45:00+00:00,,,,,,43.9332424112116,62.220275813770186,107.17765055712005,82.03987814231783
2026-01-11 15:00:00+00:00,,,,,,36.72772808040211,54.974105362144215,97.60892517876765,72.55314089405044
2026-01-11 15:15:00+00:00,,,,,,45.25925165611159,63.46999535367223,104.90952554154414,79.99903791909888
2026-01-11 15:30:00+00:00,,,,,,50.714328965995854,68.89033312760806,108.2874553216769,83.5088270978312
2026-01-11 15:45:00+00:00,,,,,,58.808690496537224,76.94617326740567,116.15018073559753,91.46870691369476
2026-01-11 16:00:00+00:00,,,,,,54.96325428931585,73.0607038061767,110.0478706938143,85.37571908026611
2026-01-11 16:15:00+00:00,,,,,,64.6568801918681,82.72037422559718,118.39993531554008,93.80193896754935
2026-01-11 16:30:00+00:00,,,,,,71.7739503587964,89.80493116281322,124.43962847622427,99.9284358117082
2026-01-11 16:45:00+00:00,,,,,,76.7298285243695,94.72559871603126,128.5943525469171,104.12527105278224
2026-01-11 17:00:00+00:00,,,,,,82.56420373979671,100.526954756399,133.89756231180695,109.15758016061827
2026-01-11 17:15:00+00:00,,,,,,83.1559100106284,101.08274698993898,133.98497156409118,109.51293256224467
2026-01-11 17:30:00+00:00,,,,,,89.09953189515775,106.99245903672636,139.730187412748,115.03729453020104
2026-01-11 17:45:00+00:00,,,,,,92.82720009207725,110.68282387429309,143.40051172748946,118.53876598246603
2026-01-11 18:00:00+00:00,,,,,,102.21826801734676,120.03928194966434,153.05217330000346,128.234796614007
2026-01-11 18:15:00+00:00,,,,,,99.88192750261277,117.66684224117574,151.1579780053116,126.74823602282774
2026-01-11 18:30:00+00:00,,,,,,94.52691572399304,112.27237630625827,146.3508471651822,122.0597663199272
2026-01-11 18:45:00+00:00,,,,,,91.7458072789324,109.45243729824116,144.3112163761963,119.9535939482773
2026-01-11 19:00:00+00:00,,,,,,97.06919939578826,114.73132193928251,150.35537400112713,125.5565377026028
2026-01-11 19:15:00+00:00,,,,,,90.83713061160088,108.44726189982742,144.73021239654827,119.92680319961084
2026-01-11 19:30:00+00:00,,,,,,86.70493460528425,104.26229415386197,141.2488379166732,116.21777548587659
2026-01-11 19:45:00+00:00,,,,,,82.89058013062395,100.39359903296724,138.06093922468008,112.55360527578753
2026-01-11 20:00:00+00:00,,,,,,89.53395994122593,106.98223716209085,145.29782167371047,119.20313495094123
2026-01-11 20:15:00+00:00,,,,,,89.45309098627683,106.85247935118153,145.93271607560024,119.51532149119191
2026-01-11 20:30:00+00:00,,,,,,89.01134833686072,106.36909369703011,146.35311949262652,119.97303353923559
2026-01-11 20:45:00+00:00,,,,,,86.35438887137207,103.67504044655232,144.60678551952245,117.83886972141848
2026-01-11 21:00:00+00:00,,,,,,97.52903928903709,114.81205732317414,156.57029974941682,129.6596039928213
2026-01-11 21:15:00+00:00,,,,,,98.44963604030839,115.70048016208472,158.31934494308436,131.57021594705887
2026-01-11 21:30:00+00:00,,,,,,101.66356540921149,118.89224038018217,162.54659106835717,135.29706162382845
2026-01-11 21:45:00+00:00,,,,,,96.27564640990138,113.4869547682981,158.22934045669575,132.08264417611852
2026-01-11 22:00:00+00:00,,,,,,98.30601939315312,115.49975093165241,161.26606623569057,135.4383151093431
2026-01-11 22:15:00+00:00,,,,,,90.2138640925302,107.38898295594268,154.11651021527948,128.9234479556771
2026-01-11 22:30:00+00:00,,,,,,84.38643607418493,101.53896104919329,149.09971830369426,124.51214832467801
2026-01-11 22:45:00+00:00,,,,,,73.38979282913456,90.51406393769197,138.74553173081273,114.79295485655713
2026-01-11 23:00:00+00:00,,,,,,80.30036362659311,97.42000457135158,146.12556090044953,122.28139813681612
2026-01-11 23:15:00+00:00,,,,,,,86.70412615432252,135.7099836592314,111.73520689568616
2026-01-11 23:30:00+00:00,,,,,,,76.04525887450691,125.2644654548575,101.92038394447887
2026-01-11 23:45:00+00:00,,,,,,,69.3137800506247,118.69753309076063,95.10782834541955
2026-01-12 00:00:00+00:00,,,,,,,76.16979020233944,125.68337233988596,102.33383130585042
2026-01-12 00:15:00+00:00,,,,,,,68.98097706733004,118.65849606895561,95.04635902360197
2026-01-12 00:30:00+00:00,,,,,,,63.814435155516904,113.55532819924956,89.94645071424483
2026-01-12 00:45:00+00:00,,,,,,,59.4375618161586,109.37106679454145,85.41449597081282
2026-01-12 01:00:00+00:00,,,,,,,63.3737176293851,113.66054991413486,89.23492903680126
2026-01-12 01:15:00+00:00,,,,,,,59.01395718418561,109.87633597210979,85.30940936542919
2026-01-12 01:30:00+00:00,,,,,,,56.23483935193689,107.7744411154412,82.81961935160209
2026-01-12 01:45:00+00:00,,,,,,,53.99070503483365,106.3966290621039,81.25498134640289
2026-01-12 02:00:00+00:00,,,,,,,56.80597125336787,110.25624872323388,84.92415039064313
2026-01-12 02:15:00+00:00,,,,,,,53.87251606916614,108.53808293903118,83.12253562572383
2026-01-12 02:30:00+00:00,,,,,,,50.255639982651964,106.1376047282816,80.65886802424288
2026-01-12 02:45:00+00:00,,,,,,,48.069831440683046,105.16917341163307,79.66689352256344
2026-01-12 03:00:00+00:00,,,,,,,48.43198465204988,106.7306580525008,81.24882718966583
2026-01-12 03:15:00+00:00,,,,,,,47.61073846182092,107.06114108655025,81.6365134038957
2026-01-12 03:30:00+00:00,,,,,,,47.438602238212475,107.88037682086994,82.48921232421318
2026-01-12 03:45:00+00:00,,,,,,,48.77032302293949,110.08168589567202,84.7198740367684
2026-01-12 04:00:00+00:00,,,,,,,46.739101004031745,108.80800312744812,83.47427591612939
2026-01-12 04:15:00+00:00,,,,,,,47.377176905894984,110.03995318781365,84.69846297564776
2026-01-12 04:30:00+00:00,,,,,,,50.79786682257156,113.93009344966526,88.56344969740806
2026-01-12 04:45:00+00:00,,,,,,,55.19512082023413,118.60452873824661,93.15200950980638
2026-01-12 05:00:00+00:00,,,,,,,52.98816333175391,116.68197172699378,91.18630629023387
2026-01-12 05:15:00+00:00,,,,,,,57.986271604579606,121.81264695314846,96.23604746516558
2026-01-12 05:30:00+00:00,,,,,,,65.20380082544673,128.98339106225305,103.2722667635253
2026-01-12 05:45:00+00:00,,,,,,,73.22058282176613,136.80504216629868,110.92245791152786
2026-01-12 06:00:00+00:00,,,,,,,74.9736018477538,138.36378880853113,112.35509531411319
2026-01-12 06:15:00+00:00,,,,,,,81.79119106671061,144.99660307336518,118.92496749156524
2026-01-12 06:30:00+00:00,,,,,,,90.10751913228314,153.08797812943155,126.99179285349277
2026-01-12 06:45:00+00:00,,,,,,,97.73360477680338,160.6532992858249,134.68669285047906
2026-01-12 07:00:00+00:00,,,,,,,98.83202064322474,161.7565792302515,136.0329206220645
2026-01-12 07:15:00+00:00,,,,,,,99.00044049450068,161.90680795010618,136.49843236353703
2026-01-12 07:30:00+00:00,,,,,,,93.83478397714804,156.4777631055169,131.32040649682006
2026-01-12 07:45:00+00:00,,,,,,,84.05461911666444,146.32093778361912,121.39925576314334
2026-01-12 08:00:00+00:00,,,,,,,84.23013885375468,145.78458074576275,120.98258828342549
2026-01-12 08:15:00+00:00,,,,,,,,132.97282134494463,108.20613189588599
2026-01-12 08:30:00+00:00,,,,,,,,118.51251221635951,93.63417691364106
2026-01-12 08:45:00+00:00,,,,,,,,99.71947068486415,74.62495276622589
2026-01-12 09:00:00+00:00,,,,,,,,109.58838875067784,84.31100024399564
2026-01-12 09:15:00+00:00,,,,,,,,96.28665773038146,70.87975395507704
2026-01-12 09:30:00+00:00,,,,,,,,90.55811665412516,65.05602340071383
2026-01-12 09:45:00+00:00,,,,,,,,83.69199776492893,58.17031716421549
2026-01-12 10:00:00+00:00,,,,,,,,91.32264222619324,65.86319242445435
2026-01-12 10:15:00+00:00,,,,,,,,85.6797630553138,60.31193463811713
2026-01-12 10:30:00+00:00,,,,,,,,84.71228801326912,59.403321816123494
2026-01-12 10:45:00+00:00,,,,,,,,81.95592523343154,56.66630621217593
2026-01-12 11:00:00+00:00,,,,,,,,84.74094920360375,59.430898119331616
2026-01-12 11:15:00+00:00,,,,,,,,82.69965751572799,57.30795121308269
2026-01-12 11:30:00+00:00,,,,,,,,83.75993155092947,58.207806983617246
2026-01-12 11:45:00+00:00,,,,,,,,84.76191298447304,59.013685557922514
2026-01-12 12:00:00+00:00,,,,,,,,84.63023135919697,58.69233107302196
2026-01-12 12:15:00+00:00,,,,,,,,85.66650807319297,59.56102978022811
2026-01-12 12:30:00+00:00,,,,,,,,85.0362956747276,58.77085266794237
2026-01-12 12:45:00+00:00,,,,,,,,90.48820655098461,64.11860931101698
2026-01-12 13:00:00+00:00,,,,,,,,86.97583866109875,60.55403118798804
2026-01-12 13:15:00+00:00,,,,,,,,93.41263297145039,67.02588744081025
2026-01-12 13:30:00+00:00,,,,,,,,96.56031022719526,70.23785568582956
2026-01-12 13:45:00+00:00,,,,,,,,101.98857046339239,75.75106215236616
2026-01-12 14:00:00+00:00,,,,,,,,93.53737464642717,67.45541570798409
2026-01-12 14:15:00+00:00,,,,,,,,100.20861271542675,74.29981228302856
2026-01-12 14:30:00+00:00,,,,,,,,103.1881080286932,77.46913401258738
2026-01-12 14:45:00+00:00,,,,,,,,108.02586363152835,82.47067469766125
2026-01-12 15:00:00+00:00,,,,,,,,98.45713825317596,72.98393744939386
2026-01-12 15:15:00+00:00,,,,,,,,105.75773861595245,80.42983447444232
2026-01-12 15:30:00+00:00,,,,,,,,109.13566839608521,83.93962365317462
2026-01-12 15:45:00+00:00,,,,,,,,116.99839381000584,91.89950346903818
2026-01-12 16:00:00+00:00,,,,,,,,110.89608376822261,85.80651563560953
2026-01-12 16:15:00+00:00,,,,,,,,119.24814838994838,94.23273552289277
2026-01-12 16:30:00+00:00,,,,,,,,125.28784155063258,100.35923236705162
2026-01-12 16:45:00+00:00,,,,,,,,129.4425656213254,104.55606760812566
2026-01-12 17:00:00+00:00,,,,,,,,134.74577538621526,109.58837671596169
2026-01-12 17:15:00+00:00,,,,,,,,,109.94372911758809
2026-01-12 17:30:00+00:00,,,,,,,,,115.46809108554446
2026-01-12 17:45:00+00:00,,,,,,,,,118.96956253780945
2026-01-12 18:00:00+00:00,,,,,,,,,128.66559316935042
2026-01-12 18:15:00+00:00,,,,,,,,,127.17903257817116
2026-01-12 18:30:00+00:00,,,,,,,,,122.49056287527063
2026-01-12 18:45:00+00:00,,,,,,,,,120.38439050362072
2026-01-12 19:00:00+00:00,,,,,,,,,125.98733425794622
2026-01-12 19:15:00+00:00,,,,,,,,,120.35759975495426
2026-01-12 19:30:00+00:00,,,,,,,,,116.64857204122
2026-01-12 19:45:00+00:00,,,,,,,,,112.98440183113095
2026-01-12 20:00:00+00:00,,,,,,,,,119.63393150628465
2026-01-12 20:15:00+00:00,,,,,,,,,119.94611804653533
2026-01-12 20:30:00+00:00,,,,,,,,,120.403830094579
2026-01-12 20:45:00+00:00,,,,,,,,,118.2696662767619
2026-01-12 21:00:00+00:00,,,,,,,,,130.09040054816472
2026-01-12 21:15:00+00:00,,,,,,,,,132.0010125024023
2026-01-12 21:30:00+00:00,,,,,,,,,135.72785817917188
2026-01-12 21:45:00+00:00,,,,,,,,,132.51344073146194
2026-01-12 22:00:00+00:00,,,,,,,,,135.86911166468653
2026-01-12 22:15:00+00:00,,,,,,,,,129.3542445110205
2026-01-12 22:30:00+00:00,,,,,,,,,124.94294488002143
2026-01-12 22:45:00+00:00,,,,,,,,,115.22375141190055
2026-01-12 23:00:00+00:00,,,,,,,,,122.71219469215954
2026-01-12 23:15:00+00:00,,,,,,,,,112.16600345102958
2026-01-12 23:30:00+00:00,,,,,,,,,102.35118049982229
2026-01-12 23:45:00+00:00,,,,,,,,,95.53862490076297
2026-01-13 00:00:00+00:00,,,,,,,,,102.76462786119384
2026-01-13 00:15:00+00:00,,,,,,,,,95.47715557894539
2026-01-13 00:30:00+00:00,,,,,,,,,90.37724726958825
2026-01-13 00:45:00+00:00,,,,,,,,,85.84529252615624
2026-01-13 01:00:00+00:00,,,,,,,,,89.66572559214468
2026-01-13 01:15:00+00:00,,,,,,,,,85.74020592077261
2026-01-13 01:30:00+00:00,,,,,,,,,83.2504159069455
2026-01-13 01:45:00+00:00,,,,,,,,,81.6857779017463
2026-01-13 02:00:00+00:00,,,,,,,,,85.35494694598655
